freq,sectperf,unit,geo,Ano,Valor
A,TOTAL,PC_GDP,AT11,2013 ,0.89
A,TOTAL,PC_GDP,AT12,2013 ,1.6
A,TOTAL,PC_GDP,AT13,2013 ,3.54
A,TOTAL,PC_GDP,AT21,2013 ,2.83
A,TOTAL,PC_GDP,AT22,2013 ,4.85
A,TOTAL,PC_GDP,AT31,2013 ,3.14
A,TOTAL,PC_GDP,AT32,2013 ,1.49
A,TOTAL,PC_GDP,AT33,2013 ,3.12
A,TOTAL,PC_GDP,AT34,2013 ,1.64
A,TOTAL,PC_GDP,ATZZ,2013 ,0.0
A,TOTAL,PC_GDP,BE10,2013 ,1.47
A,TOTAL,PC_GDP,BE21,2013 ,2.68
A,TOTAL,PC_GDP,BE22,2013 ,1.3
A,TOTAL,PC_GDP,BE23,2013 ,2.68
A,TOTAL,PC_GDP,BE24,2013 ,3.98
A,TOTAL,PC_GDP,BE25,2013 ,1.37
A,TOTAL,PC_GDP,BE31,2013 ,8.56
A,TOTAL,PC_GDP,BE32,2013 ,1.4
A,TOTAL,PC_GDP,BE33,2013 ,1.61
A,TOTAL,PC_GDP,BE34,2013 ,0.24
A,TOTAL,PC_GDP,BE35,2013 ,0.78
A,TOTAL,PC_GDP,BEZZ,2013 ,0.0
A,TOTAL,PC_GDP,BG31,2013 ,0.18
A,TOTAL,PC_GDP,BG32,2013 ,0.15
A,TOTAL,PC_GDP,BG33,2013 ,0.33
A,TOTAL,PC_GDP,BG34,2013 ,0.16
A,TOTAL,PC_GDP,BG41,2013 ,1.1
A,TOTAL,PC_GDP,BG42,2013 ,0.21
A,TOTAL,PC_GDP,CY00,2013 ,0.48
A,TOTAL,PC_GDP,CZ01,2013 ,2.4
A,TOTAL,PC_GDP,CZ02,2013 ,2.15
A,TOTAL,PC_GDP,CZ03,2013 ,1.61
A,TOTAL,PC_GDP,CZ04,2013 ,0.37
A,TOTAL,PC_GDP,CZ05,2013 ,1.46
A,TOTAL,PC_GDP,CZ06,2013 ,2.83
A,TOTAL,PC_GDP,CZ07,2013 ,1.39
A,TOTAL,PC_GDP,CZ08,2013 ,1.15
A,TOTAL,PC_GDP,DE11,2013 ,5.89
A,TOTAL,PC_GDP,DE12,2013 ,4.3
A,TOTAL,PC_GDP,DE13,2013 ,2.64
A,TOTAL,PC_GDP,DE14,2013 ,4.65
A,TOTAL,PC_GDP,DE21,2013 ,4.35
A,TOTAL,PC_GDP,DE24,2013 ,1.84
A,TOTAL,PC_GDP,DE25,2013 ,3.7
A,TOTAL,PC_GDP,DE26,2013 ,2.31
A,TOTAL,PC_GDP,DE27,2013 ,1.26
A,TOTAL,PC_GDP,DE30,2013 ,3.55
A,TOTAL,PC_GDP,DE40,2013 ,1.54
A,TOTAL,PC_GDP,DE50,2013 ,2.74
A,TOTAL,PC_GDP,DE60,2013 ,2.29
A,TOTAL,PC_GDP,DE71,2013 ,3.09
A,TOTAL,PC_GDP,DE72,2013 ,2.43
A,TOTAL,PC_GDP,DE73,2013 ,1.86
A,TOTAL,PC_GDP,DE80,2013 ,1.81
A,TOTAL,PC_GDP,DE91,2013 ,7.03
A,TOTAL,PC_GDP,DE92,2013 ,2.29
A,TOTAL,PC_GDP,DE93,2013 ,1.06
A,TOTAL,PC_GDP,DE94,2013 ,0.78
A,TOTAL,PC_GDP,DEA1,2013 ,1.71
A,TOTAL,PC_GDP,DEA2,2013 ,2.93
A,TOTAL,PC_GDP,DEA3,2013 ,1.1
A,TOTAL,PC_GDP,DEA4,2013 ,1.95
A,TOTAL,PC_GDP,DEA5,2013 ,1.64
A,TOTAL,PC_GDP,DEB1,2013 ,0.75
A,TOTAL,PC_GDP,DEB2,2013 ,3.18
A,TOTAL,PC_GDP,DEB3,2013 ,2.83
A,TOTAL,PC_GDP,DEC0,2013 ,1.46
A,TOTAL,PC_GDP,DED2,2013 ,4.01
A,TOTAL,PC_GDP,DED4,2013 ,1.89
A,TOTAL,PC_GDP,DED5,2013 ,1.97
A,TOTAL,PC_GDP,DEE0,2013 ,1.41
A,TOTAL,PC_GDP,DEF0,2013 ,1.49
A,TOTAL,PC_GDP,DEG0,2013 ,2.16
A,TOTAL,PC_GDP,DK01,2013 ,4.73
A,TOTAL,PC_GDP,DK02,2013 ,1.19
A,TOTAL,PC_GDP,DK03,2013 ,1.75
A,TOTAL,PC_GDP,DK04,2013 ,2.71
A,TOTAL,PC_GDP,DK05,2013 ,1.41
A,TOTAL,PC_GDP,EE00,2013 ,1.7
A,TOTAL,PC_GDP,EL30,2013 ,0.95
A,TOTAL,PC_GDP,EL41,2013 ,0.83
A,TOTAL,PC_GDP,EL42,2013 ,0.25
A,TOTAL,PC_GDP,EL43,2013 ,1.4
A,TOTAL,PC_GDP,EL51,2013 ,0.62
A,TOTAL,PC_GDP,EL52,2013 ,0.76
A,TOTAL,PC_GDP,EL53,2013 ,0.35
A,TOTAL,PC_GDP,EL54,2013 ,0.98
A,TOTAL,PC_GDP,EL61,2013 ,0.56
A,TOTAL,PC_GDP,EL62,2013 ,0.27
A,TOTAL,PC_GDP,EL63,2013 ,0.97
A,TOTAL,PC_GDP,EL64,2013 ,0.43
A,TOTAL,PC_GDP,EL65,2013 ,0.38
A,TOTAL,PC_GDP,ES11,2013 ,0.87
A,TOTAL,PC_GDP,ES12,2013 ,0.88
A,TOTAL,PC_GDP,ES13,2013 ,0.93
A,TOTAL,PC_GDP,ES21,2013 ,2.15
A,TOTAL,PC_GDP,ES22,2013 ,1.84
A,TOTAL,PC_GDP,ES23,2013 ,0.81
A,TOTAL,PC_GDP,ES24,2013 ,0.93
A,TOTAL,PC_GDP,ES30,2013 ,1.79
A,TOTAL,PC_GDP,ES41,2013 ,1.03
A,TOTAL,PC_GDP,ES42,2013 ,0.56
A,TOTAL,PC_GDP,ES43,2013 ,0.76
A,TOTAL,PC_GDP,ES51,2013 ,1.54
A,TOTAL,PC_GDP,ES52,2013 ,1.06
A,TOTAL,PC_GDP,ES53,2013 ,0.33
A,TOTAL,PC_GDP,ES61,2013 ,1.08
A,TOTAL,PC_GDP,ES62,2013 ,0.85
A,TOTAL,PC_GDP,ES63,2013 ,0.06
A,TOTAL,PC_GDP,ES64,2013 ,0.13
A,TOTAL,PC_GDP,ES70,2013 ,0.52
A,TOTAL,PC_GDP,FI19,2013 ,3.25
A,TOTAL,PC_GDP,FI1B,2013 ,3.84
A,TOTAL,PC_GDP,FI1C,2013 ,2.44
A,TOTAL,PC_GDP,FI1D,2013 ,3.08
A,TOTAL,PC_GDP,FI20,2013 ,0.3
A,TOTAL,PC_GDP,FR10,2013 ,2.9
A,TOTAL,PC_GDP,FR21,2013 ,0.76
A,TOTAL,PC_GDP,FR22,2013 ,1.41
A,TOTAL,PC_GDP,FR23,2013 ,1.43
A,TOTAL,PC_GDP,FR24,2013 ,1.63
A,TOTAL,PC_GDP,FR25,2013 ,1.27
A,TOTAL,PC_GDP,FR26,2013 ,0.99
A,TOTAL,PC_GDP,FR30,2013 ,0.91
A,TOTAL,PC_GDP,FR41,2013 ,1.25
A,TOTAL,PC_GDP,FR42,2013 ,1.71
A,TOTAL,PC_GDP,FR43,2013 ,2.72
A,TOTAL,PC_GDP,FR51,2013 ,1.23
A,TOTAL,PC_GDP,FR52,2013 ,2.01
A,TOTAL,PC_GDP,FR53,2013 ,0.93
A,TOTAL,PC_GDP,FR61,2013 ,1.6
A,TOTAL,PC_GDP,FR62,2013 ,4.75
A,TOTAL,PC_GDP,FR63,2013 ,1.0
A,TOTAL,PC_GDP,FR71,2013 ,2.77
A,TOTAL,PC_GDP,FR72,2013 ,2.24
A,TOTAL,PC_GDP,FR81,2013 ,2.39
A,TOTAL,PC_GDP,FR82,2013 ,2.49
A,TOTAL,PC_GDP,FR83,2013 ,0.29
A,TOTAL,PC_GDP,FRZZ,2013 ,43.65
A,TOTAL,PC_GDP,HR03,2013 ,0.41
A,TOTAL,PC_GDP,HR04,2013 ,0.99
A,TOTAL,PC_GDP,HU10,2013 ,1.76
A,TOTAL,PC_GDP,HU21,2013 ,1.2
A,TOTAL,PC_GDP,HU22,2013 ,0.73
A,TOTAL,PC_GDP,HU23,2013 ,0.75
A,TOTAL,PC_GDP,HU31,2013 ,0.72
A,TOTAL,PC_GDP,HU32,2013 ,1.27
A,TOTAL,PC_GDP,HU33,2013 ,1.17
A,TOTAL,PC_GDP,IE01,2013 ,1.74
A,TOTAL,PC_GDP,IE02,2013 ,1.49
A,TOTAL,PC_GDP,IS00,2013 ,1.68
A,TOTAL,PC_GDP,ITC1,2013 ,2.0
A,TOTAL,PC_GDP,ITC2,2013 ,0.4
A,TOTAL,PC_GDP,ITC3,2013 ,1.34
A,TOTAL,PC_GDP,ITC4,2013 ,1.3
A,TOTAL,PC_GDP,ITF1,2013 ,0.86
A,TOTAL,PC_GDP,ITF2,2013 ,0.76
A,TOTAL,PC_GDP,ITF3,2013 ,1.29
A,TOTAL,PC_GDP,ITF4,2013 ,0.82
A,TOTAL,PC_GDP,ITF5,2013 ,0.52
A,TOTAL,PC_GDP,ITF6,2013 ,0.55
A,TOTAL,PC_GDP,ITG1,2013 ,0.9
A,TOTAL,PC_GDP,ITG2,2013 ,0.78
A,TOTAL,PC_GDP,ITH1,2013 ,0.6
A,TOTAL,PC_GDP,ITH2,2013 ,1.73
A,TOTAL,PC_GDP,ITH3,2013 ,1.13
A,TOTAL,PC_GDP,ITH4,2013 ,1.51
A,TOTAL,PC_GDP,ITH5,2013 ,1.65
A,TOTAL,PC_GDP,ITI1,2013 ,1.28
A,TOTAL,PC_GDP,ITI2,2013 ,0.83
A,TOTAL,PC_GDP,ITI3,2013 ,0.83
A,TOTAL,PC_GDP,ITI4,2013 ,1.63
A,TOTAL,PC_GDP,LU00,2013 ,1.23
A,TOTAL,PC_GDP,LV00,2013 ,0.64
A,TOTAL,PC_GDP,ME00,2013 ,0.38
A,TOTAL,PC_GDP,MT00,2013 ,0.73
A,TOTAL,PC_GDP,NO01,2013 ,2.86
A,TOTAL,PC_GDP,NO02,2013 ,0.8
A,TOTAL,PC_GDP,NO03,2013 ,1.54
A,TOTAL,PC_GDP,NO04,2013 ,1.07
A,TOTAL,PC_GDP,NO05,2013 ,1.61
A,TOTAL,PC_GDP,NO06,2013 ,4.79
A,TOTAL,PC_GDP,NO07,2013 ,1.64
A,TOTAL,PC_GDP,PL11,2013 ,0.67
A,TOTAL,PC_GDP,PL12,2013 ,1.55
A,TOTAL,PC_GDP,PL21,2013 ,1.32
A,TOTAL,PC_GDP,PL22,2013 ,0.63
A,TOTAL,PC_GDP,PL31,2013 ,0.61
A,TOTAL,PC_GDP,PL32,2013 ,1.22
A,TOTAL,PC_GDP,PL33,2013 ,0.35
A,TOTAL,PC_GDP,PL34,2013 ,0.55
A,TOTAL,PC_GDP,PL41,2013 ,0.63
A,TOTAL,PC_GDP,PL42,2013 ,0.3
A,TOTAL,PC_GDP,PL43,2013 ,0.26
A,TOTAL,PC_GDP,PL51,2013 ,0.66
A,TOTAL,PC_GDP,PL52,2013 ,0.23
A,TOTAL,PC_GDP,PL61,2013 ,0.31
A,TOTAL,PC_GDP,PL62,2013 ,0.37
A,TOTAL,PC_GDP,PL63,2013 ,1.0
A,TOTAL,PC_GDP,PT11,2013 ,1.39
A,TOTAL,PC_GDP,PT15,2013 ,0.36
A,TOTAL,PC_GDP,PT16,2013 ,1.29
A,TOTAL,PC_GDP,PT17,2013 ,1.68
A,TOTAL,PC_GDP,PT18,2013 ,0.46
A,TOTAL,PC_GDP,PT20,2013 ,0.35
A,TOTAL,PC_GDP,PT30,2013 ,0.34
A,TOTAL,PC_GDP,RO11,2013 ,0.32
A,TOTAL,PC_GDP,RO12,2013 ,0.13
A,TOTAL,PC_GDP,RO21,2013 ,0.31
A,TOTAL,PC_GDP,RO22,2013 ,0.06
A,TOTAL,PC_GDP,RO31,2013 ,0.34
A,TOTAL,PC_GDP,RO32,2013 ,0.82
A,TOTAL,PC_GDP,RO41,2013 ,0.19
A,TOTAL,PC_GDP,RO42,2013 ,0.28
A,TOTAL,PC_GDP,SE11,2013 ,3.82
A,TOTAL,PC_GDP,SE12,2013 ,3.86
A,TOTAL,PC_GDP,SE21,2013 ,1.45
A,TOTAL,PC_GDP,SE22,2013 ,3.75
A,TOTAL,PC_GDP,SE23,2013 ,3.59
A,TOTAL,PC_GDP,SE31,2013 ,1.34
A,TOTAL,PC_GDP,SE32,2013 ,0.79
A,TOTAL,PC_GDP,SE33,2013 ,2.46
A,TOTAL,PC_GDP,SI01,2013 ,2.09
A,TOTAL,PC_GDP,SI02,2013 ,2.97
A,TOTAL,PC_GDP,SI03,2013 ,2.06
A,TOTAL,PC_GDP,SI04,2013 ,2.97
A,TOTAL,PC_GDP,SK01,2013 ,1.63
A,TOTAL,PC_GDP,SK02,2013 ,0.34
A,TOTAL,PC_GDP,SK03,2013 ,0.65
A,TOTAL,PC_GDP,SK04,2013 ,0.58
A,TOTAL,PC_GDP,UKC1,2013 ,0.97
A,TOTAL,PC_GDP,UKC2,2013 ,1.1
A,TOTAL,PC_GDP,UKD1,2013 ,0.55
A,TOTAL,PC_GDP,UKD3,2013 ,0.81
A,TOTAL,PC_GDP,UKD4,2013 ,0.87
A,TOTAL,PC_GDP,UKD6,2013 ,3.72
A,TOTAL,PC_GDP,UKD7,2013 ,1.64
A,TOTAL,PC_GDP,UKE1,2013 ,0.08
A,TOTAL,PC_GDP,UKE2,2013 ,1.99
A,TOTAL,PC_GDP,UKE3,2013 ,1.04
A,TOTAL,PC_GDP,UKE4,2013 ,1.08
A,TOTAL,PC_GDP,UKF1,2013 ,2.54
A,TOTAL,PC_GDP,UKF2,2013 ,1.23
A,TOTAL,PC_GDP,UKF3,2013 ,0.33
A,TOTAL,PC_GDP,UKG1,2013 ,2.51
A,TOTAL,PC_GDP,UKG2,2013 ,0.64
A,TOTAL,PC_GDP,UKG3,2013 ,1.65
A,TOTAL,PC_GDP,UKH1,2013 ,4.76
A,TOTAL,PC_GDP,UKH2,2013 ,3.75
A,TOTAL,PC_GDP,UKH3,2013 ,1.58
A,TOTAL,PC_GDP,UKI1,2013 ,1.19
A,TOTAL,PC_GDP,UKI2,2013 ,0.51
A,TOTAL,PC_GDP,UKI3,2013 ,1.62
A,TOTAL,PC_GDP,UKI4,2013 ,0.43
A,TOTAL,PC_GDP,UKI5,2013 ,0.25
A,TOTAL,PC_GDP,UKI6,2013 ,0.55
A,TOTAL,PC_GDP,UKI7,2013 ,0.49
A,TOTAL,PC_GDP,UKJ1,2013 ,3.38
A,TOTAL,PC_GDP,UKJ2,2013 ,1.53
A,TOTAL,PC_GDP,UKJ3,2013 ,2.57
A,TOTAL,PC_GDP,UKJ4,2013 ,1.26
A,TOTAL,PC_GDP,UKK1,2013 ,2.51
A,TOTAL,PC_GDP,UKK2,2013 ,0.83
A,TOTAL,PC_GDP,UKK3,2013 ,0.2
A,TOTAL,PC_GDP,UKK4,2013 ,0.81
A,TOTAL,PC_GDP,UKL1,2013 ,0.62
A,TOTAL,PC_GDP,UKL2,2013 ,1.68
A,TOTAL,PC_GDP,UKM2,2013 ,2.2
A,TOTAL,PC_GDP,UKM3,2013 ,1.08
A,TOTAL,PC_GDP,UKM5,2013 ,1.33
A,TOTAL,PC_GDP,UKM6,2013 ,0.61
A,TOTAL,PC_GDP,UKN0,2013 ,1.54
A,TOTAL,PC_GDP,BE10,2014 ,1.62
A,TOTAL,PC_GDP,BE21,2014 ,3.02
A,TOTAL,PC_GDP,BE22,2014 ,1.32
A,TOTAL,PC_GDP,BE23,2014 ,2.5
A,TOTAL,PC_GDP,BE24,2014 ,4.16
A,TOTAL,PC_GDP,BE25,2014 ,1.06
A,TOTAL,PC_GDP,BE31,2014 ,6.61
A,TOTAL,PC_GDP,BE32,2014 ,1.63
A,TOTAL,PC_GDP,BE33,2014 ,1.86
A,TOTAL,PC_GDP,BE34,2014 ,0.72
A,TOTAL,PC_GDP,BE35,2014 ,1.23
A,TOTAL,PC_GDP,BEZZ,2014 ,0.0
A,TOTAL,PC_GDP,BG31,2014 ,0.2
A,TOTAL,PC_GDP,BG32,2014 ,0.15
A,TOTAL,PC_GDP,BG33,2014 ,0.36
A,TOTAL,PC_GDP,BG34,2014 ,0.26
A,TOTAL,PC_GDP,BG41,2014 ,1.39
A,TOTAL,PC_GDP,BG42,2014 ,0.26
A,TOTAL,PC_GDP,CY00,2014 ,0.51
A,TOTAL,PC_GDP,CZ01,2014 ,2.58
A,TOTAL,PC_GDP,CZ02,2014 ,2.04
A,TOTAL,PC_GDP,CZ03,2014 ,1.67
A,TOTAL,PC_GDP,CZ04,2014 ,0.41
A,TOTAL,PC_GDP,CZ05,2014 ,1.48
A,TOTAL,PC_GDP,CZ06,2014 ,2.94
A,TOTAL,PC_GDP,CZ07,2014 ,1.51
A,TOTAL,PC_GDP,CZ08,2014 ,1.24
A,TOTAL,PC_GDP,DK01,2014 ,4.66
A,TOTAL,PC_GDP,DK02,2014 ,1.05
A,TOTAL,PC_GDP,DK03,2014 ,1.77
A,TOTAL,PC_GDP,DK04,2014 ,2.43
A,TOTAL,PC_GDP,DK05,2014 ,1.51
A,TOTAL,PC_GDP,EE00,2014 ,1.41
A,TOTAL,PC_GDP,ES11,2014 ,0.88
A,TOTAL,PC_GDP,ES12,2014 ,0.83
A,TOTAL,PC_GDP,ES13,2014 ,0.84
A,TOTAL,PC_GDP,ES21,2014 ,2.08
A,TOTAL,PC_GDP,ES22,2014 ,1.79
A,TOTAL,PC_GDP,ES23,2014 ,0.93
A,TOTAL,PC_GDP,ES24,2014 ,0.93
A,TOTAL,PC_GDP,ES30,2014 ,1.7
A,TOTAL,PC_GDP,ES41,2014 ,1.02
A,TOTAL,PC_GDP,ES42,2014 ,0.55
A,TOTAL,PC_GDP,ES43,2014 ,0.68
A,TOTAL,PC_GDP,ES51,2014 ,1.5
A,TOTAL,PC_GDP,ES52,2014 ,1.05
A,TOTAL,PC_GDP,ES53,2014 ,0.32
A,TOTAL,PC_GDP,ES61,2014 ,1.06
A,TOTAL,PC_GDP,ES62,2014 ,0.87
A,TOTAL,PC_GDP,ES63,2014 ,0.07
A,TOTAL,PC_GDP,ES64,2014 ,0.13
A,TOTAL,PC_GDP,ES70,2014 ,0.49
A,TOTAL,PC_GDP,HR03,2014 ,0.36
A,TOTAL,PC_GDP,HR04,2014 ,0.98
A,TOTAL,PC_GDP,HU10,2014 ,1.83
A,TOTAL,PC_GDP,HU21,2014 ,1.1
A,TOTAL,PC_GDP,HU22,2014 ,0.64
A,TOTAL,PC_GDP,HU23,2014 ,0.59
A,TOTAL,PC_GDP,HU31,2014 ,0.71
A,TOTAL,PC_GDP,HU32,2014 ,1.11
A,TOTAL,PC_GDP,HU33,2014 ,1.11
A,TOTAL,PC_GDP,IS00,2014 ,1.92
A,TOTAL,PC_GDP,ITC1,2014 ,2.21
A,TOTAL,PC_GDP,ITC2,2014 ,0.45
A,TOTAL,PC_GDP,ITC3,2014 ,1.38
A,TOTAL,PC_GDP,ITC4,2014 ,1.28
A,TOTAL,PC_GDP,ITF1,2014 ,0.95
A,TOTAL,PC_GDP,ITF2,2014 ,0.66
A,TOTAL,PC_GDP,ITF3,2014 ,1.25
A,TOTAL,PC_GDP,ITF4,2014 ,0.98
A,TOTAL,PC_GDP,ITF5,2014 ,0.56
A,TOTAL,PC_GDP,ITF6,2014 ,0.8
A,TOTAL,PC_GDP,ITG1,2014 ,1.07
A,TOTAL,PC_GDP,ITG2,2014 ,0.77
A,TOTAL,PC_GDP,ITH1,2014 ,0.67
A,TOTAL,PC_GDP,ITH2,2014 ,1.73
A,TOTAL,PC_GDP,ITH3,2014 ,1.08
A,TOTAL,PC_GDP,ITH4,2014 ,1.56
A,TOTAL,PC_GDP,ITH5,2014 ,1.71
A,TOTAL,PC_GDP,ITI1,2014 ,1.3
A,TOTAL,PC_GDP,ITI2,2014 ,0.95
A,TOTAL,PC_GDP,ITI3,2014 ,0.88
A,TOTAL,PC_GDP,ITI4,2014 ,1.6
A,TOTAL,PC_GDP,LU00,2014 ,1.22
A,TOTAL,PC_GDP,LV00,2014 ,0.71
A,TOTAL,PC_GDP,ME00,2014 ,0.36
A,TOTAL,PC_GDP,MT00,2014 ,0.68
A,TOTAL,PC_GDP,NO01,2014 ,2.84
A,TOTAL,PC_GDP,NO02,2014 ,0.78
A,TOTAL,PC_GDP,NO03,2014 ,1.61
A,TOTAL,PC_GDP,NO04,2014 ,1.1
A,TOTAL,PC_GDP,NO05,2014 ,1.68
A,TOTAL,PC_GDP,NO06,2014 ,4.8
A,TOTAL,PC_GDP,NO07,2014 ,1.69
A,TOTAL,PC_GDP,PL11,2014 ,0.67
A,TOTAL,PC_GDP,PL12,2014 ,1.7
A,TOTAL,PC_GDP,PL21,2014 ,1.4
A,TOTAL,PC_GDP,PL22,2014 ,0.58
A,TOTAL,PC_GDP,PL31,2014 ,1.03
A,TOTAL,PC_GDP,PL32,2014 ,1.38
A,TOTAL,PC_GDP,PL33,2014 ,0.34
A,TOTAL,PC_GDP,PL34,2014 ,0.6
A,TOTAL,PC_GDP,PL41,2014 ,0.64
A,TOTAL,PC_GDP,PL42,2014 ,0.28
A,TOTAL,PC_GDP,PL43,2014 ,0.18
A,TOTAL,PC_GDP,PL51,2014 ,0.74
A,TOTAL,PC_GDP,PL52,2014 ,0.34
A,TOTAL,PC_GDP,PL61,2014 ,0.34
A,TOTAL,PC_GDP,PL62,2014 ,0.27
A,TOTAL,PC_GDP,PL63,2014 ,1.07
A,TOTAL,PC_GDP,PT11,2014 ,1.35
A,TOTAL,PC_GDP,PT15,2014 ,0.39
A,TOTAL,PC_GDP,PT16,2014 ,1.35
A,TOTAL,PC_GDP,PT17,2014 ,1.58
A,TOTAL,PC_GDP,PT18,2014 ,0.47
A,TOTAL,PC_GDP,PT20,2014 ,0.35
A,TOTAL,PC_GDP,PT30,2014 ,0.35
A,TOTAL,PC_GDP,RO11,2014 ,0.27
A,TOTAL,PC_GDP,RO12,2014 ,0.32
A,TOTAL,PC_GDP,RO21,2014 ,0.28
A,TOTAL,PC_GDP,RO22,2014 ,0.06
A,TOTAL,PC_GDP,RO31,2014 ,0.34
A,TOTAL,PC_GDP,RO32,2014 ,0.79
A,TOTAL,PC_GDP,RO41,2014 ,0.15
A,TOTAL,PC_GDP,RO42,2014 ,0.18
A,TOTAL,PC_GDP,SI03,2014 ,1.94
A,TOTAL,PC_GDP,SI04,2014 ,2.7
A,TOTAL,PC_GDP,SK01,2014 ,1.45
A,TOTAL,PC_GDP,SK02,2014 ,0.65
A,TOTAL,PC_GDP,SK03,2014 ,0.75
A,TOTAL,PC_GDP,SK04,2014 ,0.56
A,TOTAL,PC_GDP,UKC1,2014 ,0.9
A,TOTAL,PC_GDP,UKC2,2014 ,1.03
A,TOTAL,PC_GDP,UKD1,2014 ,0.88
A,TOTAL,PC_GDP,UKD3,2014 ,0.87
A,TOTAL,PC_GDP,UKD4,2014 ,0.89
A,TOTAL,PC_GDP,UKD6,2014 ,3.2
A,TOTAL,PC_GDP,UKD7,2014 ,1.67
A,TOTAL,PC_GDP,UKE1,2014 ,0.72
A,TOTAL,PC_GDP,UKE2,2014 ,1.4
A,TOTAL,PC_GDP,UKE3,2014 ,1.07
A,TOTAL,PC_GDP,UKE4,2014 ,1.05
A,TOTAL,PC_GDP,UKF1,2014 ,2.66
A,TOTAL,PC_GDP,UKF2,2014 ,1.2
A,TOTAL,PC_GDP,UKF3,2014 ,0.36
A,TOTAL,PC_GDP,UKG1,2014 ,2.93
A,TOTAL,PC_GDP,UKG2,2014 ,0.63
A,TOTAL,PC_GDP,UKG3,2014 ,1.71
A,TOTAL,PC_GDP,UKH1,2014 ,5.08
A,TOTAL,PC_GDP,UKH2,2014 ,3.19
A,TOTAL,PC_GDP,UKH3,2014 ,1.6
A,TOTAL,PC_GDP,UKI3,2014 ,1.65
A,TOTAL,PC_GDP,UKI4,2014 ,0.51
A,TOTAL,PC_GDP,UKI5,2014 ,0.25
A,TOTAL,PC_GDP,UKI6,2014 ,0.54
A,TOTAL,PC_GDP,UKI7,2014 ,0.73
A,TOTAL,PC_GDP,UKJ1,2014 ,3.53
A,TOTAL,PC_GDP,UKJ2,2014 ,1.38
A,TOTAL,PC_GDP,UKJ3,2014 ,2.39
A,TOTAL,PC_GDP,UKJ4,2014 ,1.27
A,TOTAL,PC_GDP,UKK1,2014 ,2.54
A,TOTAL,PC_GDP,UKK2,2014 ,0.82
A,TOTAL,PC_GDP,UKK3,2014 ,0.24
A,TOTAL,PC_GDP,UKK4,2014 ,0.88
A,TOTAL,PC_GDP,UKL1,2014 ,0.83
A,TOTAL,PC_GDP,UKL2,2014 ,1.46
A,TOTAL,PC_GDP,UKM2,2014 ,2.18
A,TOTAL,PC_GDP,UKM3,2014 ,1.01
A,TOTAL,PC_GDP,UKM5,2014 ,1.84
A,TOTAL,PC_GDP,UKM6,2014 ,0.52
A,TOTAL,PC_GDP,UKM7,2014 ,2.11
A,TOTAL,PC_GDP,UKM8,2014 ,1.43
A,TOTAL,PC_GDP,UKM9,2014 ,0.23
A,TOTAL,PC_GDP,UKN0,2014 ,1.25
A,TOTAL,PC_GDP,AT11,2015 ,0.99
A,TOTAL,PC_GDP,AT12,2015 ,1.74
A,TOTAL,PC_GDP,AT13,2015 ,3.63
A,TOTAL,PC_GDP,AT21,2015 ,3.13
A,TOTAL,PC_GDP,AT22,2015 ,5.11
A,TOTAL,PC_GDP,AT31,2015 ,3.15
A,TOTAL,PC_GDP,AT32,2015 ,1.5
A,TOTAL,PC_GDP,AT33,2015 ,3.09
A,TOTAL,PC_GDP,AT34,2015 ,1.77
A,TOTAL,PC_GDP,BE10,2015 ,1.7
A,TOTAL,PC_GDP,BE21,2015 ,3.12
A,TOTAL,PC_GDP,BE22,2015 ,1.36
A,TOTAL,PC_GDP,BE23,2015 ,2.49
A,TOTAL,PC_GDP,BE24,2015 ,4.22
A,TOTAL,PC_GDP,BE25,2015 ,1.12
A,TOTAL,PC_GDP,BE31,2015 ,6.33
A,TOTAL,PC_GDP,BE32,2015 ,1.62
A,TOTAL,PC_GDP,BE33,2015 ,2.08
A,TOTAL,PC_GDP,BE34,2015 ,0.81
A,TOTAL,PC_GDP,BE35,2015 ,1.25
A,TOTAL,PC_GDP,BEZZ,2015 ,0.0
A,TOTAL,PC_GDP,BG31,2015 ,0.55
A,TOTAL,PC_GDP,BG32,2015 ,0.52
A,TOTAL,PC_GDP,BG33,2015 ,0.37
A,TOTAL,PC_GDP,BG34,2015 ,0.33
A,TOTAL,PC_GDP,BG41,2015 ,1.49
A,TOTAL,PC_GDP,BG42,2015 ,0.51
A,TOTAL,PC_GDP,CY00,2015 ,0.48
A,TOTAL,PC_GDP,CZ01,2015 ,2.68
A,TOTAL,PC_GDP,CZ02,2015 ,1.93
A,TOTAL,PC_GDP,CZ03,2015 ,1.6
A,TOTAL,PC_GDP,CZ04,2015 ,0.36
A,TOTAL,PC_GDP,CZ05,2015 ,1.34
A,TOTAL,PC_GDP,CZ06,2015 ,2.88
A,TOTAL,PC_GDP,CZ07,2015 ,1.29
A,TOTAL,PC_GDP,CZ08,2015 ,1.19
A,TOTAL,PC_GDP,DE11,2015 ,6.13
A,TOTAL,PC_GDP,DE12,2015 ,4.55
A,TOTAL,PC_GDP,DE13,2015 ,2.63
A,TOTAL,PC_GDP,DE14,2015 ,4.55
A,TOTAL,PC_GDP,DE21,2015 ,4.3
A,TOTAL,PC_GDP,DE22,2015 ,1.25
A,TOTAL,PC_GDP,DE23,2015 ,2.0
A,TOTAL,PC_GDP,DE24,2015 ,1.91
A,TOTAL,PC_GDP,DE25,2015 ,3.71
A,TOTAL,PC_GDP,DE26,2015 ,2.08
A,TOTAL,PC_GDP,DE27,2015 ,1.57
A,TOTAL,PC_GDP,DE30,2015 ,3.52
A,TOTAL,PC_GDP,DE40,2015 ,1.67
A,TOTAL,PC_GDP,DE50,2015 ,2.84
A,TOTAL,PC_GDP,DE60,2015 ,2.24
A,TOTAL,PC_GDP,DE71,2015 ,3.16
A,TOTAL,PC_GDP,DE72,2015 ,2.56
A,TOTAL,PC_GDP,DE73,2015 ,1.6
A,TOTAL,PC_GDP,DE80,2015 ,1.88
A,TOTAL,PC_GDP,DE91,2015 ,9.35
A,TOTAL,PC_GDP,DE92,2015 ,2.39
A,TOTAL,PC_GDP,DE93,2015 ,0.98
A,TOTAL,PC_GDP,DE94,2015 ,0.94
A,TOTAL,PC_GDP,DEA1,2015 ,1.8
A,TOTAL,PC_GDP,DEA2,2015 ,2.84
A,TOTAL,PC_GDP,DEA3,2015 ,1.14
A,TOTAL,PC_GDP,DEA4,2015 ,1.88
A,TOTAL,PC_GDP,DEA5,2015 ,1.67
A,TOTAL,PC_GDP,DEB1,2015 ,0.73
A,TOTAL,PC_GDP,DEB2,2015 ,3.02
A,TOTAL,PC_GDP,DEB3,2015 ,3.32
A,TOTAL,PC_GDP,DEC0,2015 ,1.57
A,TOTAL,PC_GDP,DED2,2015 ,3.97
A,TOTAL,PC_GDP,DED4,2015 ,1.78
A,TOTAL,PC_GDP,DED5,2015 ,2.02
A,TOTAL,PC_GDP,DEE0,2015 ,1.41
A,TOTAL,PC_GDP,DEF0,2015 ,1.5
A,TOTAL,PC_GDP,DEG0,2015 ,2.05
A,TOTAL,PC_GDP,DK01,2015 ,4.75
A,TOTAL,PC_GDP,DK02,2015 ,1.12
A,TOTAL,PC_GDP,DK03,2015 ,1.9
A,TOTAL,PC_GDP,DK04,2015 ,2.59
A,TOTAL,PC_GDP,DK05,2015 ,1.47
A,TOTAL,PC_GDP,EE00,2015 ,1.44
A,TOTAL,PC_GDP,EL30,2015 ,1.16
A,TOTAL,PC_GDP,EL41,2015 ,0.75
A,TOTAL,PC_GDP,EL42,2015 ,0.19
A,TOTAL,PC_GDP,EL43,2015 ,1.53
A,TOTAL,PC_GDP,EL51,2015 ,0.69
A,TOTAL,PC_GDP,EL52,2015 ,0.85
A,TOTAL,PC_GDP,EL53,2015 ,0.43
A,TOTAL,PC_GDP,EL54,2015 ,1.21
A,TOTAL,PC_GDP,EL61,2015 ,0.67
A,TOTAL,PC_GDP,EL62,2015 ,0.51
A,TOTAL,PC_GDP,EL63,2015 ,1.33
A,TOTAL,PC_GDP,EL64,2015 ,0.53
A,TOTAL,PC_GDP,EL65,2015 ,0.39
A,TOTAL,PC_GDP,ES11,2015 ,0.88
A,TOTAL,PC_GDP,ES12,2015 ,0.74
A,TOTAL,PC_GDP,ES13,2015 ,0.83
A,TOTAL,PC_GDP,ES21,2015 ,1.95
A,TOTAL,PC_GDP,ES22,2015 ,1.65
A,TOTAL,PC_GDP,ES23,2015 ,0.89
A,TOTAL,PC_GDP,ES24,2015 ,0.92
A,TOTAL,PC_GDP,ES30,2015 ,1.71
A,TOTAL,PC_GDP,ES41,2015 ,1.01
A,TOTAL,PC_GDP,ES42,2015 ,0.55
A,TOTAL,PC_GDP,ES43,2015 ,0.65
A,TOTAL,PC_GDP,ES51,2015 ,1.52
A,TOTAL,PC_GDP,ES52,2015 ,1.01
A,TOTAL,PC_GDP,ES53,2015 ,0.31
A,TOTAL,PC_GDP,ES61,2015 ,1.02
A,TOTAL,PC_GDP,ES62,2015 ,0.86
A,TOTAL,PC_GDP,ES63,2015 ,0.06
A,TOTAL,PC_GDP,ES64,2015 ,0.07
A,TOTAL,PC_GDP,ES70,2015 ,0.5
A,TOTAL,PC_GDP,FI19,2015 ,2.84
A,TOTAL,PC_GDP,FI1B,2015 ,3.55
A,TOTAL,PC_GDP,FI1C,2015 ,1.99
A,TOTAL,PC_GDP,FI1D,2015 ,2.49
A,TOTAL,PC_GDP,FI20,2015 ,0.26
A,TOTAL,PC_GDP,HR03,2015 ,0.33
A,TOTAL,PC_GDP,HR04,2015 ,1.08
A,TOTAL,PC_GDP,HU10,2015 ,1.87
A,TOTAL,PC_GDP,HU21,2015 ,0.93
A,TOTAL,PC_GDP,HU22,2015 ,0.57
A,TOTAL,PC_GDP,HU23,2015 ,0.41
A,TOTAL,PC_GDP,HU31,2015 ,0.48
A,TOTAL,PC_GDP,HU32,2015 ,1.06
A,TOTAL,PC_GDP,HU33,2015 ,1.59
A,TOTAL,PC_GDP,IE01,2015 ,1.87
A,TOTAL,PC_GDP,IE02,2015 ,1.1
A,TOTAL,PC_GDP,IS00,2015 ,2.16
A,TOTAL,PC_GDP,ITC1,2015 ,2.17
A,TOTAL,PC_GDP,ITC2,2015 ,0.65
A,TOTAL,PC_GDP,ITC3,2015 ,1.47
A,TOTAL,PC_GDP,ITC4,2015 ,1.25
A,TOTAL,PC_GDP,ITF1,2015 ,0.94
A,TOTAL,PC_GDP,ITF3,2015 ,1.24
A,TOTAL,PC_GDP,ITF4,2015 ,0.99
A,TOTAL,PC_GDP,ITF5,2015 ,0.61
A,TOTAL,PC_GDP,ITF6,2015 ,0.71
A,TOTAL,PC_GDP,ITG1,2015 ,1.0
A,TOTAL,PC_GDP,ITG2,2015 ,0.82
A,TOTAL,PC_GDP,ITH1,2015 ,0.71
A,TOTAL,PC_GDP,ITH2,2015 ,1.73
A,TOTAL,PC_GDP,ITH3,2015 ,1.11
A,TOTAL,PC_GDP,ITH4,2015 ,1.57
A,TOTAL,PC_GDP,ITH5,2015 ,1.8
A,TOTAL,PC_GDP,ITI1,2015 ,1.32
A,TOTAL,PC_GDP,ITI3,2015 ,0.86
A,TOTAL,PC_GDP,ITI4,2015 ,1.57
A,TOTAL,PC_GDP,LT01,2015 ,1.6
A,TOTAL,PC_GDP,LT02,2015 ,0.66
A,TOTAL,PC_GDP,LU00,2015 ,1.25
A,TOTAL,PC_GDP,LV00,2015 ,0.64
A,TOTAL,PC_GDP,ME00,2015 ,0.38
A,TOTAL,PC_GDP,MK00,2015 ,0.44
A,TOTAL,PC_GDP,MT00,2015 ,0.7
A,TOTAL,PC_GDP,NO01,2015 ,3.07
A,TOTAL,PC_GDP,NO02,2015 ,0.78
A,TOTAL,PC_GDP,NO03,2015 ,1.59
A,TOTAL,PC_GDP,NO04,2015 ,1.18
A,TOTAL,PC_GDP,NO05,2015 ,1.91
A,TOTAL,PC_GDP,NO06,2015 ,4.94
A,TOTAL,PC_GDP,NO07,2015 ,1.89
A,TOTAL,PC_GDP,PL11,2015 ,0.67
A,TOTAL,PC_GDP,PL12,2015 ,1.74
A,TOTAL,PC_GDP,PL21,2015 ,1.49
A,TOTAL,PC_GDP,PL22,2015 ,0.61
A,TOTAL,PC_GDP,PL31,2015 ,1.07
A,TOTAL,PC_GDP,PL32,2015 ,1.29
A,TOTAL,PC_GDP,PL33,2015 ,0.61
A,TOTAL,PC_GDP,PL34,2015 ,0.76
A,TOTAL,PC_GDP,PL41,2015 ,0.75
A,TOTAL,PC_GDP,PL42,2015 ,0.33
A,TOTAL,PC_GDP,PL43,2015 ,0.22
A,TOTAL,PC_GDP,PL51,2015 ,0.85
A,TOTAL,PC_GDP,PL52,2015 ,0.32
A,TOTAL,PC_GDP,PL61,2015 ,0.46
A,TOTAL,PC_GDP,PL62,2015 ,0.32
A,TOTAL,PC_GDP,PL63,2015 ,1.12
A,TOTAL,PC_GDP,PT11,2015 ,1.35
A,TOTAL,PC_GDP,PT15,2015 ,0.37
A,TOTAL,PC_GDP,PT16,2015 ,1.23
A,TOTAL,PC_GDP,PT17,2015 ,1.52
A,TOTAL,PC_GDP,PT18,2015 ,0.51
A,TOTAL,PC_GDP,PT20,2015 ,0.34
A,TOTAL,PC_GDP,PT30,2015 ,0.35
A,TOTAL,PC_GDP,RO11,2015 ,0.41
A,TOTAL,PC_GDP,RO12,2015 ,0.33
A,TOTAL,PC_GDP,RO21,2015 ,0.44
A,TOTAL,PC_GDP,RO22,2015 ,0.08
A,TOTAL,PC_GDP,RO31,2015 ,0.35
A,TOTAL,PC_GDP,RO32,2015 ,0.92
A,TOTAL,PC_GDP,RO41,2015 ,0.21
A,TOTAL,PC_GDP,RO42,2015 ,0.43
A,TOTAL,PC_GDP,SE11,2015 ,3.72
A,TOTAL,PC_GDP,SE12,2015 ,3.88
A,TOTAL,PC_GDP,SE21,2015 ,1.5
A,TOTAL,PC_GDP,SE22,2015 ,3.19
A,TOTAL,PC_GDP,SE23,2015 ,3.75
A,TOTAL,PC_GDP,SE31,2015 ,1.29
A,TOTAL,PC_GDP,SE32,2015 ,0.74
A,TOTAL,PC_GDP,SE33,2015 ,2.66
A,TOTAL,PC_GDP,SI03,2015 ,1.62
A,TOTAL,PC_GDP,SI04,2015 ,2.65
A,TOTAL,PC_GDP,SK01,2015 ,1.78
A,TOTAL,PC_GDP,SK02,2015 ,0.88
A,TOTAL,PC_GDP,SK03,2015 ,1.13
A,TOTAL,PC_GDP,SK04,2015 ,0.73
A,TOTAL,PC_GDP,UKC1,2015 ,0.96
A,TOTAL,PC_GDP,UKC2,2015 ,1.22
A,TOTAL,PC_GDP,UKD1,2015 ,1.21
A,TOTAL,PC_GDP,UKD3,2015 ,0.92
A,TOTAL,PC_GDP,UKD4,2015 ,0.89
A,TOTAL,PC_GDP,UKD6,2015 ,3.97
A,TOTAL,PC_GDP,UKD7,2015 ,1.56
A,TOTAL,PC_GDP,UKE1,2015 ,0.77
A,TOTAL,PC_GDP,UKE2,2015 ,1.56
A,TOTAL,PC_GDP,UKE3,2015 ,1.21
A,TOTAL,PC_GDP,UKE4,2015 ,1.03
A,TOTAL,PC_GDP,UKF1,2015 ,2.69
A,TOTAL,PC_GDP,UKF2,2015 ,1.14
A,TOTAL,PC_GDP,UKF3,2015 ,0.35
A,TOTAL,PC_GDP,UKG1,2015 ,3.19
A,TOTAL,PC_GDP,UKG2,2015 ,0.65
A,TOTAL,PC_GDP,UKG3,2015 ,1.84
A,TOTAL,PC_GDP,UKH1,2015 ,4.83
A,TOTAL,PC_GDP,UKH2,2015 ,3.2
A,TOTAL,PC_GDP,UKH3,2015 ,1.59
A,TOTAL,PC_GDP,UKI3,2015 ,1.59
A,TOTAL,PC_GDP,UKI4,2015 ,0.53
A,TOTAL,PC_GDP,UKI5,2015 ,0.33
A,TOTAL,PC_GDP,UKI6,2015 ,0.42
A,TOTAL,PC_GDP,UKI7,2015 ,0.97
A,TOTAL,PC_GDP,UKJ1,2015 ,3.52
A,TOTAL,PC_GDP,UKJ2,2015 ,1.53
A,TOTAL,PC_GDP,UKJ3,2015 ,2.1
A,TOTAL,PC_GDP,UKJ4,2015 ,1.23
A,TOTAL,PC_GDP,UKK1,2015 ,2.02
A,TOTAL,PC_GDP,UKK2,2015 ,0.85
A,TOTAL,PC_GDP,UKK3,2015 ,0.38
A,TOTAL,PC_GDP,UKK4,2015 ,1.09
A,TOTAL,PC_GDP,UKL1,2015 ,0.78
A,TOTAL,PC_GDP,UKL2,2015 ,1.13
A,TOTAL,PC_GDP,UKM2,2015 ,2.1
A,TOTAL,PC_GDP,UKM3,2015 ,1.1
A,TOTAL,PC_GDP,UKM5,2015 ,1.31
A,TOTAL,PC_GDP,UKM6,2015 ,0.49
A,TOTAL,PC_GDP,UKM7,2015 ,2.06
A,TOTAL,PC_GDP,UKM8,2015 ,1.54
A,TOTAL,PC_GDP,UKM9,2015 ,0.25
A,TOTAL,PC_GDP,UKN0,2015 ,1.55
A,TOTAL,PC_GDP,BE10,2016 ,1.9
A,TOTAL,PC_GDP,BE21,2016 ,3.24
A,TOTAL,PC_GDP,BE22,2016 ,1.49
A,TOTAL,PC_GDP,BE23,2016 ,2.73
A,TOTAL,PC_GDP,BE24,2016 ,4.0
A,TOTAL,PC_GDP,BE25,2016 ,1.2
A,TOTAL,PC_GDP,BE31,2016 ,7.4
A,TOTAL,PC_GDP,BE32,2016 ,1.27
A,TOTAL,PC_GDP,BE33,2016 ,2.08
A,TOTAL,PC_GDP,BE34,2016 ,0.27
A,TOTAL,PC_GDP,BE35,2016 ,0.95
A,TOTAL,PC_GDP,BG31,2016 ,0.47
A,TOTAL,PC_GDP,BG32,2016 ,0.41
A,TOTAL,PC_GDP,BG33,2016 ,0.51
A,TOTAL,PC_GDP,BG34,2016 ,0.27
A,TOTAL,PC_GDP,BG41,2016 ,1.14
A,TOTAL,PC_GDP,BG42,2016 ,0.49
A,TOTAL,PC_GDP,CY00,2016 ,0.52
A,TOTAL,PC_GDP,CZ01,2016 ,2.15
A,TOTAL,PC_GDP,CZ02,2016 ,2.03
A,TOTAL,PC_GDP,CZ03,2016 ,1.34
A,TOTAL,PC_GDP,CZ04,2016 ,0.29
A,TOTAL,PC_GDP,CZ05,2016 ,1.26
A,TOTAL,PC_GDP,CZ06,2016 ,2.39
A,TOTAL,PC_GDP,CZ07,2016 ,1.23
A,TOTAL,PC_GDP,CZ08,2016 ,1.14
A,TOTAL,PC_GDP,DK01,2016 ,4.88
A,TOTAL,PC_GDP,DK02,2016 ,1.15
A,TOTAL,PC_GDP,DK03,2016 ,1.78
A,TOTAL,PC_GDP,DK04,2016 ,2.49
A,TOTAL,PC_GDP,DK05,2016 ,1.74
A,TOTAL,PC_GDP,EE00,2016 ,1.22
A,TOTAL,PC_GDP,ES11,2016 ,0.86
A,TOTAL,PC_GDP,ES12,2016 ,0.74
A,TOTAL,PC_GDP,ES13,2016 ,0.83
A,TOTAL,PC_GDP,ES21,2016 ,1.94
A,TOTAL,PC_GDP,ES22,2016 ,1.65
A,TOTAL,PC_GDP,ES23,2016 ,0.84
A,TOTAL,PC_GDP,ES24,2016 ,0.91
A,TOTAL,PC_GDP,ES30,2016 ,1.65
A,TOTAL,PC_GDP,ES41,2016 ,1.11
A,TOTAL,PC_GDP,ES42,2016 ,0.56
A,TOTAL,PC_GDP,ES43,2016 ,0.57
A,TOTAL,PC_GDP,ES51,2016 ,1.46
A,TOTAL,PC_GDP,ES52,2016 ,1.01
A,TOTAL,PC_GDP,ES53,2016 ,0.32
A,TOTAL,PC_GDP,ES61,2016 ,0.92
A,TOTAL,PC_GDP,ES62,2016 ,0.92
A,TOTAL,PC_GDP,ES70,2016 ,0.47
A,TOTAL,PC_GDP,FI19,2016 ,2.53
A,TOTAL,PC_GDP,FI1B,2016 ,3.41
A,TOTAL,PC_GDP,FI1C,2016 ,1.86
A,TOTAL,PC_GDP,FI1D,2016 ,2.47
A,TOTAL,PC_GDP,FI20,2016 ,0.33
A,TOTAL,PC_GDP,HR03,2016 ,0.34
A,TOTAL,PC_GDP,HR04,2016 ,1.11
A,TOTAL,PC_GDP,HU10,2016 ,1.77
A,TOTAL,PC_GDP,HU21,2016 ,0.82
A,TOTAL,PC_GDP,HU22,2016 ,0.54
A,TOTAL,PC_GDP,HU23,2016 ,0.35
A,TOTAL,PC_GDP,HU31,2016 ,0.37
A,TOTAL,PC_GDP,HU32,2016 ,0.88
A,TOTAL,PC_GDP,HU33,2016 ,0.93
A,TOTAL,PC_GDP,IS00,2016 ,2.08
A,TOTAL,PC_GDP,ITC1,2016 ,2.2
A,TOTAL,PC_GDP,ITC2,2016 ,0.57
A,TOTAL,PC_GDP,ITC3,2016 ,1.56
A,TOTAL,PC_GDP,ITC4,2016 ,1.28
A,TOTAL,PC_GDP,ITF1,2016 ,1.01
A,TOTAL,PC_GDP,ITF3,2016 ,1.21
A,TOTAL,PC_GDP,ITF4,2016 ,0.82
A,TOTAL,PC_GDP,ITF6,2016 ,0.57
A,TOTAL,PC_GDP,ITG1,2016 ,0.79
A,TOTAL,PC_GDP,ITG2,2016 ,0.84
A,TOTAL,PC_GDP,ITH1,2016 ,0.65
A,TOTAL,PC_GDP,ITH2,2016 ,1.5
A,TOTAL,PC_GDP,ITH3,2016 ,1.28
A,TOTAL,PC_GDP,ITH4,2016 ,1.59
A,TOTAL,PC_GDP,ITH5,2016 ,1.97
A,TOTAL,PC_GDP,ITI1,2016 ,1.32
A,TOTAL,PC_GDP,ITI3,2016 ,1.03
A,TOTAL,PC_GDP,ITI4,2016 ,1.62
A,TOTAL,PC_GDP,LT01,2016 ,1.17
A,TOTAL,PC_GDP,LT02,2016 ,0.62
A,TOTAL,PC_GDP,LU00,2016 ,1.27
A,TOTAL,PC_GDP,LV00,2016 ,0.45
A,TOTAL,PC_GDP,ME00,2016 ,0.33
A,TOTAL,PC_GDP,MK00,2016 ,0.44
A,TOTAL,PC_GDP,MT00,2016 ,0.54
A,TOTAL,PC_GDP,NO01,2016 ,3.08
A,TOTAL,PC_GDP,NO02,2016 ,0.81
A,TOTAL,PC_GDP,NO03,2016 ,1.61
A,TOTAL,PC_GDP,NO04,2016 ,1.38
A,TOTAL,PC_GDP,NO05,2016 ,1.95
A,TOTAL,PC_GDP,NO06,2016 ,4.74
A,TOTAL,PC_GDP,NO07,2016 ,1.9
A,TOTAL,PC_GDP,PL21,2016 ,2.17
A,TOTAL,PC_GDP,PL22,2016 ,0.53
A,TOTAL,PC_GDP,PL41,2016 ,0.59
A,TOTAL,PC_GDP,PL42,2016 ,0.27
A,TOTAL,PC_GDP,PL43,2016 ,0.2
A,TOTAL,PC_GDP,PL51,2016 ,0.7
A,TOTAL,PC_GDP,PL52,2016 ,0.36
A,TOTAL,PC_GDP,PL61,2016 ,0.35
A,TOTAL,PC_GDP,PL62,2016 ,0.33
A,TOTAL,PC_GDP,PL63,2016 ,1.15
A,TOTAL,PC_GDP,PL71,2016 ,0.62
A,TOTAL,PC_GDP,PL72,2016 ,0.31
A,TOTAL,PC_GDP,PL81,2016 ,0.88
A,TOTAL,PC_GDP,PL82,2016 ,1.05
A,TOTAL,PC_GDP,PL84,2016 ,0.44
A,TOTAL,PC_GDP,PL91,2016 ,2.09
A,TOTAL,PC_GDP,PL92,2016 ,0.31
A,TOTAL,PC_GDP,PT11,2016 ,1.36
A,TOTAL,PC_GDP,PT15,2016 ,0.35
A,TOTAL,PC_GDP,PT16,2016 ,1.27
A,TOTAL,PC_GDP,PT17,2016 ,1.6
A,TOTAL,PC_GDP,PT18,2016 ,0.54
A,TOTAL,PC_GDP,PT20,2016 ,0.3
A,TOTAL,PC_GDP,PT30,2016 ,0.3
A,TOTAL,PC_GDP,RO11,2016 ,0.26
A,TOTAL,PC_GDP,RO12,2016 ,0.32
A,TOTAL,PC_GDP,RO21,2016 ,0.22
A,TOTAL,PC_GDP,RO22,2016 ,0.09
A,TOTAL,PC_GDP,RO31,2016 ,0.39
A,TOTAL,PC_GDP,RO32,2016 ,1.06
A,TOTAL,PC_GDP,RO41,2016 ,0.15
A,TOTAL,PC_GDP,RO42,2016 ,0.45
A,TOTAL,PC_GDP,SI03,2016 ,1.49
A,TOTAL,PC_GDP,SI04,2016 ,2.41
A,TOTAL,PC_GDP,SK01,2016 ,1.36
A,TOTAL,PC_GDP,SK02,2016 ,0.54
A,TOTAL,PC_GDP,SK03,2016 ,0.61
A,TOTAL,PC_GDP,SK04,2016 ,0.52
A,TOTAL,PC_GDP,UKC1,2016 ,0.84
A,TOTAL,PC_GDP,UKC2,2016 ,1.25
A,TOTAL,PC_GDP,UKD1,2016 ,1.22
A,TOTAL,PC_GDP,UKD3,2016 ,0.94
A,TOTAL,PC_GDP,UKD4,2016 ,1.0
A,TOTAL,PC_GDP,UKD6,2016 ,3.71
A,TOTAL,PC_GDP,UKD7,2016 ,2.04
A,TOTAL,PC_GDP,UKE1,2016 ,0.8
A,TOTAL,PC_GDP,UKE2,2016 ,1.41
A,TOTAL,PC_GDP,UKE3,2016 ,1.22
A,TOTAL,PC_GDP,UKE4,2016 ,1.01
A,TOTAL,PC_GDP,UKF1,2016 ,2.78
A,TOTAL,PC_GDP,UKF2,2016 ,1.2
A,TOTAL,PC_GDP,UKF3,2016 ,0.44
A,TOTAL,PC_GDP,UKG1,2016 ,3.04
A,TOTAL,PC_GDP,UKG2,2016 ,0.76
A,TOTAL,PC_GDP,UKG3,2016 ,1.89
A,TOTAL,PC_GDP,UKH1,2016 ,4.56
A,TOTAL,PC_GDP,UKH2,2016 ,3.29
A,TOTAL,PC_GDP,UKH3,2016 ,1.64
A,TOTAL,PC_GDP,UKI3,2016 ,1.42
A,TOTAL,PC_GDP,UKI4,2016 ,0.5
A,TOTAL,PC_GDP,UKI5,2016 ,0.32
A,TOTAL,PC_GDP,UKI6,2016 ,0.43
A,TOTAL,PC_GDP,UKI7,2016 ,1.48
A,TOTAL,PC_GDP,UKJ1,2016 ,3.67
A,TOTAL,PC_GDP,UKJ2,2016 ,1.46
A,TOTAL,PC_GDP,UKJ3,2016 ,1.87
A,TOTAL,PC_GDP,UKJ4,2016 ,1.24
A,TOTAL,PC_GDP,UKK1,2016 ,2.03
A,TOTAL,PC_GDP,UKK2,2016 ,0.81
A,TOTAL,PC_GDP,UKK3,2016 ,0.37
A,TOTAL,PC_GDP,UKK4,2016 ,1.14
A,TOTAL,PC_GDP,UKL1,2016 ,0.84
A,TOTAL,PC_GDP,UKL2,2016 ,1.3
A,TOTAL,PC_GDP,UKM2,2016 ,2.13
A,TOTAL,PC_GDP,UKM3,2016 ,1.18
A,TOTAL,PC_GDP,UKM5,2016 ,1.51
A,TOTAL,PC_GDP,UKM6,2016 ,0.49
A,TOTAL,PC_GDP,UKM7,2016 ,2.09
A,TOTAL,PC_GDP,UKM8,2016 ,1.65
A,TOTAL,PC_GDP,UKM9,2016 ,0.3
A,TOTAL,PC_GDP,UKN0,2016 ,1.46
A,TOTAL,PC_GDP,AT11,2017 ,0.85
A,TOTAL,PC_GDP,AT12,2017 ,1.8
A,TOTAL,PC_GDP,AT13,2017 ,3.6
A,TOTAL,PC_GDP,AT21,2017 ,2.93
A,TOTAL,PC_GDP,AT22,2017 ,4.88
A,TOTAL,PC_GDP,AT31,2017 ,3.48
A,TOTAL,PC_GDP,AT32,2017 ,1.6
A,TOTAL,PC_GDP,AT33,2017 ,2.9
A,TOTAL,PC_GDP,AT34,2017 ,1.77
A,TOTAL,PC_GDP,BE10,2017 ,2.04
A,TOTAL,PC_GDP,BE21,2017 ,3.45
A,TOTAL,PC_GDP,BE22,2017 ,1.58
A,TOTAL,PC_GDP,BE23,2017 ,2.7
A,TOTAL,PC_GDP,BE24,2017 ,4.21
A,TOTAL,PC_GDP,BE25,2017 ,1.33
A,TOTAL,PC_GDP,BE31,2017 ,7.73
A,TOTAL,PC_GDP,BE32,2017 ,1.45
A,TOTAL,PC_GDP,BE33,2017 ,2.19
A,TOTAL,PC_GDP,BE34,2017 ,0.28
A,TOTAL,PC_GDP,BE35,2017 ,1.02
A,TOTAL,PC_GDP,BG31,2017 ,0.45
A,TOTAL,PC_GDP,BG32,2017 ,0.38
A,TOTAL,PC_GDP,BG33,2017 ,0.48
A,TOTAL,PC_GDP,BG34,2017 ,0.3
A,TOTAL,PC_GDP,BG41,2017 ,1.09
A,TOTAL,PC_GDP,BG42,2017 ,0.48
A,TOTAL,PC_GDP,CY00,2017 ,0.54
A,TOTAL,PC_GDP,CZ01,2017 ,2.35
A,TOTAL,PC_GDP,CZ02,2017 ,2.43
A,TOTAL,PC_GDP,CZ03,2017 ,1.3
A,TOTAL,PC_GDP,CZ04,2017 ,0.3
A,TOTAL,PC_GDP,CZ05,2017 ,1.3
A,TOTAL,PC_GDP,CZ06,2017 ,2.32
A,TOTAL,PC_GDP,CZ07,2017 ,1.41
A,TOTAL,PC_GDP,CZ08,2017 ,1.05
A,TOTAL,PC_GDP,DE11,2017 ,7.47
A,TOTAL,PC_GDP,DE12,2017 ,4.88
A,TOTAL,PC_GDP,DE13,2017 ,2.74
A,TOTAL,PC_GDP,DE14,2017 ,4.76
A,TOTAL,PC_GDP,DE21,2017 ,3.98
A,TOTAL,PC_GDP,DE22,2017 ,1.32
A,TOTAL,PC_GDP,DE23,2017 ,2.46
A,TOTAL,PC_GDP,DE24,2017 ,2.08
A,TOTAL,PC_GDP,DE25,2017 ,3.55
A,TOTAL,PC_GDP,DE26,2017 ,2.81
A,TOTAL,PC_GDP,DE27,2017 ,1.6
A,TOTAL,PC_GDP,DE30,2017 ,3.36
A,TOTAL,PC_GDP,DE40,2017 ,1.69
A,TOTAL,PC_GDP,DE50,2017 ,2.8
A,TOTAL,PC_GDP,DE60,2017 ,2.14
A,TOTAL,PC_GDP,DE71,2017 ,3.26
A,TOTAL,PC_GDP,DE72,2017 ,2.56
A,TOTAL,PC_GDP,DE73,2017 ,1.63
A,TOTAL,PC_GDP,DE80,2017 ,1.77
A,TOTAL,PC_GDP,DE91,2017 ,7.93
A,TOTAL,PC_GDP,DE92,2017 ,2.26
A,TOTAL,PC_GDP,DE93,2017 ,0.92
A,TOTAL,PC_GDP,DE94,2017 ,0.92
A,TOTAL,PC_GDP,DEA1,2017 ,1.96
A,TOTAL,PC_GDP,DEA2,2017 ,2.98
A,TOTAL,PC_GDP,DEA3,2017 ,1.22
A,TOTAL,PC_GDP,DEA4,2017 ,1.97
A,TOTAL,PC_GDP,DEA5,2017 ,1.75
A,TOTAL,PC_GDP,DEB1,2017 ,0.7
A,TOTAL,PC_GDP,DEB2,2017 ,0.9
A,TOTAL,PC_GDP,DEB3,2017 ,3.98
A,TOTAL,PC_GDP,DEC0,2017 ,1.75
A,TOTAL,PC_GDP,DED2,2017 ,4.11
A,TOTAL,PC_GDP,DED4,2017 ,1.86
A,TOTAL,PC_GDP,DED5,2017 ,1.97
A,TOTAL,PC_GDP,DEE0,2017 ,1.5
A,TOTAL,PC_GDP,DEF0,2017 ,1.56
A,TOTAL,PC_GDP,DEG0,2017 ,2.22
A,TOTAL,PC_GDP,DK01,2017 ,4.58
A,TOTAL,PC_GDP,DK02,2017 ,1.4
A,TOTAL,PC_GDP,DK03,2017 ,1.32
A,TOTAL,PC_GDP,DK04,2017 ,2.44
A,TOTAL,PC_GDP,DK05,2017 ,1.96
A,TOTAL,PC_GDP,EE00,2017 ,1.25
A,TOTAL,PC_GDP,EL30,2017 ,1.47
A,TOTAL,PC_GDP,EL41,2017 ,0.69
A,TOTAL,PC_GDP,EL42,2017 ,0.18
A,TOTAL,PC_GDP,EL43,2017 ,1.46
A,TOTAL,PC_GDP,EL51,2017 ,0.72
A,TOTAL,PC_GDP,EL52,2017 ,1.17
A,TOTAL,PC_GDP,EL53,2017 ,0.33
A,TOTAL,PC_GDP,EL54,2017 ,1.51
A,TOTAL,PC_GDP,EL61,2017 ,0.67
A,TOTAL,PC_GDP,EL62,2017 ,0.25
A,TOTAL,PC_GDP,EL63,2017 ,1.36
A,TOTAL,PC_GDP,EL64,2017 ,0.46
A,TOTAL,PC_GDP,EL65,2017 ,0.31
A,TOTAL,PC_GDP,ES11,2017 ,0.95
A,TOTAL,PC_GDP,ES12,2017 ,0.81
A,TOTAL,PC_GDP,ES13,2017 ,0.82
A,TOTAL,PC_GDP,ES21,2017 ,1.94
A,TOTAL,PC_GDP,ES22,2017 ,1.76
A,TOTAL,PC_GDP,ES23,2017 ,0.89
A,TOTAL,PC_GDP,ES24,2017 ,0.88
A,TOTAL,PC_GDP,ES30,2017 ,1.66
A,TOTAL,PC_GDP,ES41,2017 ,1.22
A,TOTAL,PC_GDP,ES42,2017 ,0.57
A,TOTAL,PC_GDP,ES43,2017 ,0.58
A,TOTAL,PC_GDP,ES51,2017 ,1.48
A,TOTAL,PC_GDP,ES52,2017 ,1.0
A,TOTAL,PC_GDP,ES53,2017 ,0.36
A,TOTAL,PC_GDP,ES61,2017 ,0.92
A,TOTAL,PC_GDP,ES62,2017 ,0.92
A,TOTAL,PC_GDP,ES70,2017 ,0.5
A,TOTAL,PC_GDP,FI19,2017 ,2.47
A,TOTAL,PC_GDP,FI1B,2017 ,3.47
A,TOTAL,PC_GDP,FI1C,2017 ,1.72
A,TOTAL,PC_GDP,FI1D,2017 ,2.57
A,TOTAL,PC_GDP,FI20,2017 ,0.31
A,TOTAL,PC_GDP,HR03,2017 ,0.42
A,TOTAL,PC_GDP,HR04,2017 ,1.07
A,TOTAL,PC_GDP,HU11,2017 ,2.22
A,TOTAL,PC_GDP,HU12,2017 ,0.59
A,TOTAL,PC_GDP,HU21,2017 ,1.03
A,TOTAL,PC_GDP,HU22,2017 ,0.62
A,TOTAL,PC_GDP,HU23,2017 ,0.67
A,TOTAL,PC_GDP,HU31,2017 ,0.47
A,TOTAL,PC_GDP,HU32,2017 ,0.93
A,TOTAL,PC_GDP,HU33,2017 ,1.06
A,TOTAL,PC_GDP,IS00,2017 ,2.06
A,TOTAL,PC_GDP,ITC1,2017 ,2.06
A,TOTAL,PC_GDP,ITC2,2017 ,0.52
A,TOTAL,PC_GDP,ITC3,2017 ,1.41
A,TOTAL,PC_GDP,ITC4,2017 ,1.28
A,TOTAL,PC_GDP,ITF1,2017 ,0.97
A,TOTAL,PC_GDP,ITF2,2017 ,1.09
A,TOTAL,PC_GDP,ITF3,2017 ,1.23
A,TOTAL,PC_GDP,ITF4,2017 ,0.77
A,TOTAL,PC_GDP,ITF5,2017 ,0.65
A,TOTAL,PC_GDP,ITF6,2017 ,0.52
A,TOTAL,PC_GDP,ITG1,2017 ,0.76
A,TOTAL,PC_GDP,ITG2,2017 ,0.77
A,TOTAL,PC_GDP,ITH1,2017 ,0.68
A,TOTAL,PC_GDP,ITH2,2017 ,1.52
A,TOTAL,PC_GDP,ITH3,2017 ,1.32
A,TOTAL,PC_GDP,ITH4,2017 ,1.57
A,TOTAL,PC_GDP,ITH5,2017 ,1.98
A,TOTAL,PC_GDP,ITI1,2017 ,1.45
A,TOTAL,PC_GDP,ITI2,2017 ,0.96
A,TOTAL,PC_GDP,ITI3,2017 ,1.1
A,TOTAL,PC_GDP,ITI4,2017 ,1.68
A,TOTAL,PC_GDP,LT01,2017 ,1.15
A,TOTAL,PC_GDP,LT02,2017 ,0.73
A,TOTAL,PC_GDP,LU00,2017 ,1.24
A,TOTAL,PC_GDP,LV00,2017 ,0.53
A,TOTAL,PC_GDP,ME00,2017 ,0.35
A,TOTAL,PC_GDP,MK00,2017 ,0.35
A,TOTAL,PC_GDP,MT00,2017 ,0.53
A,TOTAL,PC_GDP,NO01,2017 ,3.18
A,TOTAL,PC_GDP,NO02,2017 ,0.92
A,TOTAL,PC_GDP,NO03,2017 ,1.65
A,TOTAL,PC_GDP,NO04,2017 ,1.5
A,TOTAL,PC_GDP,NO05,2017 ,2.27
A,TOTAL,PC_GDP,NO06,2017 ,4.79
A,TOTAL,PC_GDP,NO07,2017 ,2.0
A,TOTAL,PC_GDP,PL21,2017 ,1.85
A,TOTAL,PC_GDP,PL22,2017 ,0.63
A,TOTAL,PC_GDP,PL41,2017 ,0.63
A,TOTAL,PC_GDP,PL42,2017 ,0.45
A,TOTAL,PC_GDP,PL43,2017 ,0.38
A,TOTAL,PC_GDP,PL51,2017 ,0.92
A,TOTAL,PC_GDP,PL52,2017 ,0.46
A,TOTAL,PC_GDP,PL61,2017 ,0.5
A,TOTAL,PC_GDP,PL62,2017 ,0.51
A,TOTAL,PC_GDP,PL63,2017 ,1.09
A,TOTAL,PC_GDP,PL71,2017 ,0.72
A,TOTAL,PC_GDP,PL72,2017 ,0.31
A,TOTAL,PC_GDP,PL81,2017 ,0.88
A,TOTAL,PC_GDP,PL82,2017 ,1.03
A,TOTAL,PC_GDP,PL84,2017 ,0.59
A,TOTAL,PC_GDP,PL91,2017 ,2.24
A,TOTAL,PC_GDP,PL92,2017 ,0.34
A,TOTAL,PC_GDP,PT11,2017 ,1.5
A,TOTAL,PC_GDP,PT15,2017 ,0.3
A,TOTAL,PC_GDP,PT16,2017 ,1.32
A,TOTAL,PC_GDP,PT17,2017 ,1.57
A,TOTAL,PC_GDP,PT18,2017 ,0.56
A,TOTAL,PC_GDP,PT20,2017 ,0.3
A,TOTAL,PC_GDP,PT30,2017 ,0.35
A,TOTAL,PC_GDP,RO11,2017 ,0.24
A,TOTAL,PC_GDP,RO12,2017 ,0.27
A,TOTAL,PC_GDP,RO21,2017 ,0.17
A,TOTAL,PC_GDP,RO22,2017 ,0.07
A,TOTAL,PC_GDP,RO31,2017 ,0.34
A,TOTAL,PC_GDP,RO32,2017 ,1.22
A,TOTAL,PC_GDP,RO41,2017 ,0.2
A,TOTAL,PC_GDP,RO42,2017 ,0.4
A,TOTAL,PC_GDP,SE11,2017 ,3.73
A,TOTAL,PC_GDP,SE12,2017 ,3.54
A,TOTAL,PC_GDP,SE22,2017 ,3.18
A,TOTAL,PC_GDP,SE23,2017 ,4.81
A,TOTAL,PC_GDP,SE31,2017 ,1.21
A,TOTAL,PC_GDP,SE33,2017 ,2.33
A,TOTAL,PC_GDP,SI03,2017 ,1.41
A,TOTAL,PC_GDP,SI04,2017 ,2.22
A,TOTAL,PC_GDP,SK01,2017 ,1.58
A,TOTAL,PC_GDP,SK02,2017 ,0.67
A,TOTAL,PC_GDP,SK03,2017 ,0.59
A,TOTAL,PC_GDP,SK04,2017 ,0.53
A,TOTAL,PC_GDP,UKC1,2017 ,0.94
A,TOTAL,PC_GDP,UKC2,2017 ,1.36
A,TOTAL,PC_GDP,UKD1,2017 ,1.26
A,TOTAL,PC_GDP,UKD3,2017 ,0.93
A,TOTAL,PC_GDP,UKD4,2017 ,0.91
A,TOTAL,PC_GDP,UKD6,2017 ,2.98
A,TOTAL,PC_GDP,UKD7,2017 ,2.12
A,TOTAL,PC_GDP,UKE1,2017 ,0.84
A,TOTAL,PC_GDP,UKE2,2017 ,1.49
A,TOTAL,PC_GDP,UKE3,2017 ,1.48
A,TOTAL,PC_GDP,UKE4,2017 ,1.13
A,TOTAL,PC_GDP,UKF1,2017 ,2.47
A,TOTAL,PC_GDP,UKF2,2017 ,1.12
A,TOTAL,PC_GDP,UKF3,2017 ,0.47
A,TOTAL,PC_GDP,UKG1,2017 ,3.87
A,TOTAL,PC_GDP,UKG2,2017 ,0.66
A,TOTAL,PC_GDP,UKG3,2017 ,1.55
A,TOTAL,PC_GDP,UKH1,2017 ,4.68
A,TOTAL,PC_GDP,UKH2,2017 ,3.12
A,TOTAL,PC_GDP,UKH3,2017 ,1.61
A,TOTAL,PC_GDP,UKI3,2017 ,1.57
A,TOTAL,PC_GDP,UKI4,2017 ,0.59
A,TOTAL,PC_GDP,UKI5,2017 ,0.29
A,TOTAL,PC_GDP,UKI6,2017 ,0.5
A,TOTAL,PC_GDP,UKI7,2017 ,1.5
A,TOTAL,PC_GDP,UKJ1,2017 ,3.63
A,TOTAL,PC_GDP,UKJ2,2017 ,1.56
A,TOTAL,PC_GDP,UKJ3,2017 ,1.58
A,TOTAL,PC_GDP,UKJ4,2017 ,1.23
A,TOTAL,PC_GDP,UKK1,2017 ,2.14
A,TOTAL,PC_GDP,UKK2,2017 ,0.78
A,TOTAL,PC_GDP,UKK3,2017 ,0.37
A,TOTAL,PC_GDP,UKK4,2017 ,1.18
A,TOTAL,PC_GDP,UKL1,2017 ,0.97
A,TOTAL,PC_GDP,UKL2,2017 ,1.16
A,TOTAL,PC_GDP,UKM5,2017 ,1.49
A,TOTAL,PC_GDP,UKM6,2017 ,0.48
A,TOTAL,PC_GDP,UKM7,2017 ,2.22
A,TOTAL,PC_GDP,UKM8,2017 ,1.75
A,TOTAL,PC_GDP,UKM9,2017 ,0.35
A,TOTAL,PC_GDP,UKN0,2017 ,1.47
A,TOTAL,PC_GDP,BE10,2018 ,2.25
A,TOTAL,PC_GDP,BEZZ,2018 ,0.0
A,TOTAL,PC_GDP,BG31,2018 ,0.49
A,TOTAL,PC_GDP,BG32,2018 ,0.32
A,TOTAL,PC_GDP,BG33,2018 ,0.43
A,TOTAL,PC_GDP,BG34,2018 ,0.32
A,TOTAL,PC_GDP,BG41,2018 ,1.13
A,TOTAL,PC_GDP,BG42,2018 ,0.44
A,TOTAL,PC_GDP,CY00,2018 ,0.61
A,TOTAL,PC_GDP,CZ01,2018 ,2.49
A,TOTAL,PC_GDP,CZ02,2018 ,2.66
A,TOTAL,PC_GDP,CZ03,2018 ,1.48
A,TOTAL,PC_GDP,CZ04,2018 ,0.34
A,TOTAL,PC_GDP,CZ05,2018 ,1.44
A,TOTAL,PC_GDP,CZ06,2018 ,2.33
A,TOTAL,PC_GDP,CZ07,2018 ,1.55
A,TOTAL,PC_GDP,CZ08,2018 ,1.12
A,TOTAL,PC_GDP,EE00,2018 ,1.38
A,TOTAL,PC_GDP,EL30,2018 ,1.56
A,TOTAL,PC_GDP,EL41,2018 ,0.68
A,TOTAL,PC_GDP,EL42,2018 ,0.19
A,TOTAL,PC_GDP,EL43,2018 ,1.48
A,TOTAL,PC_GDP,EL51,2018 ,0.74
A,TOTAL,PC_GDP,EL52,2018 ,1.12
A,TOTAL,PC_GDP,EL53,2018 ,0.46
A,TOTAL,PC_GDP,EL54,2018 ,1.34
A,TOTAL,PC_GDP,EL61,2018 ,0.82
A,TOTAL,PC_GDP,EL62,2018 ,0.35
A,TOTAL,PC_GDP,EL63,2018 ,1.31
A,TOTAL,PC_GDP,EL64,2018 ,0.5
A,TOTAL,PC_GDP,EL65,2018 ,0.64
A,TOTAL,PC_GDP,ES11,2018 ,0.95
A,TOTAL,PC_GDP,ES12,2018 ,0.81
A,TOTAL,PC_GDP,ES13,2018 ,0.86
A,TOTAL,PC_GDP,ES21,2018 ,2.02
A,TOTAL,PC_GDP,ES22,2018 ,1.71
A,TOTAL,PC_GDP,ES23,2018 ,0.81
A,TOTAL,PC_GDP,ES24,2018 ,0.92
A,TOTAL,PC_GDP,ES30,2018 ,1.7
A,TOTAL,PC_GDP,ES41,2018 ,1.3
A,TOTAL,PC_GDP,ES42,2018 ,0.53
A,TOTAL,PC_GDP,ES43,2018 ,0.61
A,TOTAL,PC_GDP,ES51,2018 ,1.53
A,TOTAL,PC_GDP,ES52,2018 ,1.05
A,TOTAL,PC_GDP,ES53,2018 ,0.39
A,TOTAL,PC_GDP,ES61,2018 ,0.92
A,TOTAL,PC_GDP,ES62,2018 ,0.97
A,TOTAL,PC_GDP,ES70,2018 ,0.47
A,TOTAL,PC_GDP,FI19,2018 ,2.56
A,TOTAL,PC_GDP,FI1B,2018 ,3.47
A,TOTAL,PC_GDP,FI1C,2018 ,1.74
A,TOTAL,PC_GDP,FI1D,2018 ,2.6
A,TOTAL,PC_GDP,FI20,2018 ,0.43
A,TOTAL,PC_GDP,HR03,2018 ,0.45
A,TOTAL,PC_GDP,HR04,2018 ,1.21
A,TOTAL,PC_GDP,HU11,2018 ,2.5
A,TOTAL,PC_GDP,HU12,2018 ,0.91
A,TOTAL,PC_GDP,HU21,2018 ,1.31
A,TOTAL,PC_GDP,HU22,2018 ,0.74
A,TOTAL,PC_GDP,HU23,2018 ,0.64
A,TOTAL,PC_GDP,HU31,2018 ,0.61
A,TOTAL,PC_GDP,HU32,2018 ,0.95
A,TOTAL,PC_GDP,HU33,2018 ,1.16
A,TOTAL,PC_GDP,IS00,2018 ,1.97
A,TOTAL,PC_GDP,ITC1,2018 ,2.18
A,TOTAL,PC_GDP,ITC2,2018 ,0.49
A,TOTAL,PC_GDP,ITC3,2018 ,1.36
A,TOTAL,PC_GDP,ITC4,2018 ,1.32
A,TOTAL,PC_GDP,ITF1,2018 ,0.93
A,TOTAL,PC_GDP,ITF2,2018 ,1.27
A,TOTAL,PC_GDP,ITF3,2018 ,1.29
A,TOTAL,PC_GDP,ITF4,2018 ,0.78
A,TOTAL,PC_GDP,ITF5,2018 ,0.61
A,TOTAL,PC_GDP,ITF6,2018 ,0.54
A,TOTAL,PC_GDP,ITG1,2018 ,0.83
A,TOTAL,PC_GDP,ITG2,2018 ,0.81
A,TOTAL,PC_GDP,ITH1,2018 ,0.83
A,TOTAL,PC_GDP,ITH2,2018 ,1.54
A,TOTAL,PC_GDP,ITH3,2018 ,1.39
A,TOTAL,PC_GDP,ITH4,2018 ,1.65
A,TOTAL,PC_GDP,ITH5,2018 ,2.03
A,TOTAL,PC_GDP,ITI1,2018 ,1.56
A,TOTAL,PC_GDP,ITI2,2018 ,1.01
A,TOTAL,PC_GDP,ITI3,2018 ,1.08
A,TOTAL,PC_GDP,ITI4,2018 ,1.73
A,TOTAL,PC_GDP,LT01,2018 ,1.28
A,TOTAL,PC_GDP,LT02,2018 ,0.69
A,TOTAL,PC_GDP,LU00,2018 ,1.17
A,TOTAL,PC_GDP,LV00,2018 ,0.66
A,TOTAL,PC_GDP,ME00,2018 ,0.51
A,TOTAL,PC_GDP,MK00,2018 ,0.36
A,TOTAL,PC_GDP,MT00,2018 ,0.55
A,TOTAL,PC_GDP,NO01,2018 ,3.22
A,TOTAL,PC_GDP,NO02,2018 ,0.93
A,TOTAL,PC_GDP,NO03,2018 ,1.67
A,TOTAL,PC_GDP,NO04,2018 ,1.48
A,TOTAL,PC_GDP,NO05,2018 ,2.43
A,TOTAL,PC_GDP,NO06,2018 ,4.61
A,TOTAL,PC_GDP,NO07,2018 ,1.95
A,TOTAL,PC_GDP,PL21,2018 ,2.14
A,TOTAL,PC_GDP,PL22,2018 ,0.72
A,TOTAL,PC_GDP,PL41,2018 ,0.74
A,TOTAL,PC_GDP,PL42,2018 ,0.54
A,TOTAL,PC_GDP,PL43,2018 ,0.48
A,TOTAL,PC_GDP,PL51,2018 ,1.09
A,TOTAL,PC_GDP,PL52,2018 ,0.63
A,TOTAL,PC_GDP,PL61,2018 ,0.65
A,TOTAL,PC_GDP,PL62,2018 ,0.55
A,TOTAL,PC_GDP,PL63,2018 ,1.4
A,TOTAL,PC_GDP,PL71,2018 ,0.94
A,TOTAL,PC_GDP,PL72,2018 ,0.56
A,TOTAL,PC_GDP,PL81,2018 ,1.01
A,TOTAL,PC_GDP,PL82,2018 ,1.1
A,TOTAL,PC_GDP,PL84,2018 ,0.71
A,TOTAL,PC_GDP,PL91,2018 ,2.44
A,TOTAL,PC_GDP,PL92,2018 ,0.45
A,TOTAL,PC_GDP,PT11,2018 ,1.51
A,TOTAL,PC_GDP,PT15,2018 ,0.33
A,TOTAL,PC_GDP,PT16,2018 ,1.3
A,TOTAL,PC_GDP,PT17,2018 ,1.62
A,TOTAL,PC_GDP,PT18,2018 ,0.67
A,TOTAL,PC_GDP,PT20,2018 ,0.32
A,TOTAL,PC_GDP,PT30,2018 ,0.38
A,TOTAL,PC_GDP,RO11,2018 ,0.22
A,TOTAL,PC_GDP,RO12,2018 ,0.3
A,TOTAL,PC_GDP,RO21,2018 ,0.19
A,TOTAL,PC_GDP,RO22,2018 ,0.08
A,TOTAL,PC_GDP,RO31,2018 ,0.32
A,TOTAL,PC_GDP,RO32,2018 ,1.17
A,TOTAL,PC_GDP,RO41,2018 ,0.23
A,TOTAL,PC_GDP,RO42,2018 ,0.42
A,TOTAL,PC_GDP,RS11,2018 ,1.5
A,TOTAL,PC_GDP,RS12,2018 ,0.89
A,TOTAL,PC_GDP,RS21,2018 ,0.13
A,TOTAL,PC_GDP,RS22,2018 ,0.29
A,TOTAL,PC_GDP,SI03,2018 ,1.49
A,TOTAL,PC_GDP,SI04,2018 ,2.29
A,TOTAL,PC_GDP,SK01,2018 ,1.4
A,TOTAL,PC_GDP,SK02,2018 ,0.7
A,TOTAL,PC_GDP,SK03,2018 ,0.61
A,TOTAL,PC_GDP,SK04,2018 ,0.48
A,TOTAL,PC_GDP,UKC1,2018 ,1.13
A,TOTAL,PC_GDP,UKC2,2018 ,1.37
A,TOTAL,PC_GDP,UKD1,2018 ,1.37
A,TOTAL,PC_GDP,UKD3,2018 ,1.22
A,TOTAL,PC_GDP,UKD4,2018 ,0.82
A,TOTAL,PC_GDP,UKD6,2018 ,2.37
A,TOTAL,PC_GDP,UKD7,2018 ,1.6
A,TOTAL,PC_GDP,UKE1,2018 ,0.88
A,TOTAL,PC_GDP,UKE2,2018 ,1.55
A,TOTAL,PC_GDP,UKE3,2018 ,1.33
A,TOTAL,PC_GDP,UKE4,2018 ,1.08
A,TOTAL,PC_GDP,UKF1,2018 ,2.85
A,TOTAL,PC_GDP,UKF2,2018 ,1.15
A,TOTAL,PC_GDP,UKF3,2018 ,0.44
A,TOTAL,PC_GDP,UKG1,2018 ,3.98
A,TOTAL,PC_GDP,UKG2,2018 ,0.81
A,TOTAL,PC_GDP,UKG3,2018 ,1.68
A,TOTAL,PC_GDP,UKH1,2018 ,5.47
A,TOTAL,PC_GDP,UKH2,2018 ,2.95
A,TOTAL,PC_GDP,UKH3,2018 ,1.55
A,TOTAL,PC_GDP,UKI3,2018 ,1.63
A,TOTAL,PC_GDP,UKI4,2018 ,0.67
A,TOTAL,PC_GDP,UKI5,2018 ,0.31
A,TOTAL,PC_GDP,UKI6,2018 ,0.46
A,TOTAL,PC_GDP,UKI7,2018 ,1.36
A,TOTAL,PC_GDP,UKJ1,2018 ,3.65
A,TOTAL,PC_GDP,UKJ2,2018 ,1.55
A,TOTAL,PC_GDP,UKJ3,2018 ,1.65
A,TOTAL,PC_GDP,UKJ4,2018 ,1.34
A,TOTAL,PC_GDP,UKK1,2018 ,2.19
A,TOTAL,PC_GDP,UKK2,2018 ,0.83
A,TOTAL,PC_GDP,UKK3,2018 ,0.35
A,TOTAL,PC_GDP,UKK4,2018 ,1.27
A,TOTAL,PC_GDP,UKL1,2018 ,0.99
A,TOTAL,PC_GDP,UKL2,2018 ,1.19
A,TOTAL,PC_GDP,UKM5,2018 ,1.48
A,TOTAL,PC_GDP,UKM6,2018 ,0.45
A,TOTAL,PC_GDP,UKM7,2018 ,2.33
A,TOTAL,PC_GDP,UKM8,2018 ,1.8
A,TOTAL,PC_GDP,UKM9,2018 ,0.36
A,TOTAL,PC_GDP,UKN0,2018 ,1.51
A,TOTAL,PC_GDP,AT11,2019 ,0.87
A,TOTAL,PC_GDP,AT12,2019 ,1.8
A,TOTAL,PC_GDP,AT13,2019 ,3.67
A,TOTAL,PC_GDP,AT21,2019 ,3.23
A,TOTAL,PC_GDP,AT22,2019 ,5.14
A,TOTAL,PC_GDP,AT31,2019 ,3.51
A,TOTAL,PC_GDP,AT32,2019 ,1.7
A,TOTAL,PC_GDP,AT33,2019 ,2.84
A,TOTAL,PC_GDP,AT34,2019 ,1.82
A,TOTAL,PC_GDP,BE10,2019 ,2.33
A,TOTAL,PC_GDP,BEZZ,2019 ,0.0
A,TOTAL,PC_GDP,BG31,2019 ,0.41
A,TOTAL,PC_GDP,BG32,2019 ,0.34
A,TOTAL,PC_GDP,BG33,2019 ,0.51
A,TOTAL,PC_GDP,BG34,2019 ,0.36
A,TOTAL,PC_GDP,BG41,2019 ,1.21
A,TOTAL,PC_GDP,BG42,2019 ,0.54
A,TOTAL,PC_GDP,CY00,2019 ,0.7
A,TOTAL,PC_GDP,CZ01,2019 ,2.54
A,TOTAL,PC_GDP,CZ02,2019 ,2.44
A,TOTAL,PC_GDP,CZ03,2019 ,1.58
A,TOTAL,PC_GDP,CZ04,2019 ,0.4
A,TOTAL,PC_GDP,CZ05,2019 ,1.45
A,TOTAL,PC_GDP,CZ06,2019 ,2.45
A,TOTAL,PC_GDP,CZ07,2019 ,1.6
A,TOTAL,PC_GDP,CZ08,2019 ,1.09
A,TOTAL,PC_GDP,DE11,2019 ,7.4
A,TOTAL,PC_GDP,DE12,2019 ,5.29
A,TOTAL,PC_GDP,DE13,2019 ,2.87
A,TOTAL,PC_GDP,DE14,2019 ,5.17
A,TOTAL,PC_GDP,DE21,2019 ,4.39
A,TOTAL,PC_GDP,DE22,2019 ,1.59
A,TOTAL,PC_GDP,DE23,2019 ,2.71
A,TOTAL,PC_GDP,DE24,2019 ,2.52
A,TOTAL,PC_GDP,DE25,2019 ,3.69
A,TOTAL,PC_GDP,DE26,2019 ,2.86
A,TOTAL,PC_GDP,DE27,2019 ,1.66
A,TOTAL,PC_GDP,DE30,2019 ,3.32
A,TOTAL,PC_GDP,DE40,2019 ,1.78
A,TOTAL,PC_GDP,DE50,2019 ,3.03
A,TOTAL,PC_GDP,DE60,2019 ,2.16
A,TOTAL,PC_GDP,DE71,2019 ,3.47
A,TOTAL,PC_GDP,DE72,2019 ,2.23
A,TOTAL,PC_GDP,DE73,2019 ,2.01
A,TOTAL,PC_GDP,DE80,2019 ,1.78
A,TOTAL,PC_GDP,DE91,2019 ,7.61
A,TOTAL,PC_GDP,DE92,2019 ,2.37
A,TOTAL,PC_GDP,DE93,2019 ,0.85
A,TOTAL,PC_GDP,DE94,2019 ,1.01
A,TOTAL,PC_GDP,DEA1,2019 ,2.0
A,TOTAL,PC_GDP,DEA2,2019 ,3.04
A,TOTAL,PC_GDP,DEA3,2019 ,1.34
A,TOTAL,PC_GDP,DEA4,2019 ,1.97
A,TOTAL,PC_GDP,DEA5,2019 ,1.82
A,TOTAL,PC_GDP,DEB1,2019 ,0.87
A,TOTAL,PC_GDP,DEB2,2019 ,0.91
A,TOTAL,PC_GDP,DEB3,2019 ,4.12
A,TOTAL,PC_GDP,DEC0,2019 ,1.85
A,TOTAL,PC_GDP,DED2,2019 ,4.41
A,TOTAL,PC_GDP,DED4,2019 ,1.9
A,TOTAL,PC_GDP,DED5,2019 ,2.09
A,TOTAL,PC_GDP,DEE0,2019 ,1.53
A,TOTAL,PC_GDP,DEF0,2019 ,1.66
A,TOTAL,PC_GDP,DEG0,2019 ,2.33
A,TOTAL,PC_GDP,DK01,2019 ,4.62
A,TOTAL,PC_GDP,DK02,2019 ,1.28
A,TOTAL,PC_GDP,DK03,2019 ,1.46
A,TOTAL,PC_GDP,DK04,2019 ,2.33
A,TOTAL,PC_GDP,DK05,2019 ,1.96
A,TOTAL,PC_GDP,EE00,2019 ,1.59
A,TOTAL,PC_GDP,EL30,2019 ,1.63
A,TOTAL,PC_GDP,EL41,2019 ,0.71
A,TOTAL,PC_GDP,EL42,2019 ,0.23
A,TOTAL,PC_GDP,EL43,2019 ,1.53
A,TOTAL,PC_GDP,EL51,2019 ,0.78
A,TOTAL,PC_GDP,EL52,2019 ,1.13
A,TOTAL,PC_GDP,EL53,2019 ,0.42
A,TOTAL,PC_GDP,EL54,2019 ,1.46
A,TOTAL,PC_GDP,EL61,2019 ,0.96
A,TOTAL,PC_GDP,EL62,2019 ,0.39
A,TOTAL,PC_GDP,EL63,2019 ,1.39
A,TOTAL,PC_GDP,EL64,2019 ,0.64
A,TOTAL,PC_GDP,EL65,2019 ,0.62
A,TOTAL,PC_GDP,ES11,2019 ,0.98
A,TOTAL,PC_GDP,ES12,2019 ,0.83
A,TOTAL,PC_GDP,ES13,2019 ,0.84
A,TOTAL,PC_GDP,ES21,2019 ,1.99
A,TOTAL,PC_GDP,ES22,2019 ,1.71
A,TOTAL,PC_GDP,ES23,2019 ,0.77
A,TOTAL,PC_GDP,ES24,2019 ,0.94
A,TOTAL,PC_GDP,ES30,2019 ,1.69
A,TOTAL,PC_GDP,ES41,2019 ,1.34
A,TOTAL,PC_GDP,ES42,2019 ,0.6
A,TOTAL,PC_GDP,ES43,2019 ,0.68
A,TOTAL,PC_GDP,ES51,2019 ,1.51
A,TOTAL,PC_GDP,ES52,2019 ,1.09
A,TOTAL,PC_GDP,ES53,2019 ,0.39
A,TOTAL,PC_GDP,ES61,2019 ,0.93
A,TOTAL,PC_GDP,ES62,2019 ,1.0
A,TOTAL,PC_GDP,ES70,2019 ,0.47
A,TOTAL,PC_GDP,FI19,2019 ,2.63
A,TOTAL,PC_GDP,FI1B,2019 ,3.5
A,TOTAL,PC_GDP,FI1C,2019 ,1.8
A,TOTAL,PC_GDP,FI1D,2019 ,2.58
A,TOTAL,PC_GDP,FI20,2019 ,0.34
A,TOTAL,PC_GDP,HR03,2019 ,0.59
A,TOTAL,PC_GDP,HR04,2019 ,1.35
A,TOTAL,PC_GDP,HU11,2019 ,2.39
A,TOTAL,PC_GDP,HU12,2019 ,0.92
A,TOTAL,PC_GDP,HU21,2019 ,1.04
A,TOTAL,PC_GDP,HU22,2019 ,0.73
A,TOTAL,PC_GDP,HU23,2019 ,0.71
A,TOTAL,PC_GDP,HU31,2019 ,0.65
A,TOTAL,PC_GDP,HU32,2019 ,0.94
A,TOTAL,PC_GDP,HU33,2019 ,1.27
A,TOTAL,PC_GDP,IE04,2019 ,1.59
A,TOTAL,PC_GDP,IE05,2019 ,0.72
A,TOTAL,PC_GDP,IE06,2019 ,1.45
A,TOTAL,PC_GDP,IS00,2019 ,2.31
A,TOTAL,PC_GDP,ITC1,2019 ,2.27
A,TOTAL,PC_GDP,ITC2,2019 ,0.49
A,TOTAL,PC_GDP,ITC3,2019 ,1.48
A,TOTAL,PC_GDP,ITC4,2019 ,1.34
A,TOTAL,PC_GDP,ITF1,2019 ,1.06
A,TOTAL,PC_GDP,ITF2,2019 ,1.16
A,TOTAL,PC_GDP,ITF3,2019 ,1.29
A,TOTAL,PC_GDP,ITF4,2019 ,0.81
A,TOTAL,PC_GDP,ITF5,2019 ,0.64
A,TOTAL,PC_GDP,ITF6,2019 ,0.57
A,TOTAL,PC_GDP,ITG1,2019 ,0.84
A,TOTAL,PC_GDP,ITG2,2019 ,0.84
A,TOTAL,PC_GDP,ITH1,2019 ,0.75
A,TOTAL,PC_GDP,ITH2,2019 ,1.54
A,TOTAL,PC_GDP,ITH3,2019 ,1.38
A,TOTAL,PC_GDP,ITH4,2019 ,1.68
A,TOTAL,PC_GDP,ITH5,2019 ,2.08
A,TOTAL,PC_GDP,ITI1,2019 ,1.61
A,TOTAL,PC_GDP,ITI2,2019 ,1.02
A,TOTAL,PC_GDP,ITI3,2019 ,1.07
A,TOTAL,PC_GDP,ITI4,2019 ,1.85
A,TOTAL,PC_GDP,LT01,2019 ,1.44
A,TOTAL,PC_GDP,LT02,2019 ,0.66
A,TOTAL,PC_GDP,LU00,2019 ,1.18
A,TOTAL,PC_GDP,LV00,2019 ,0.66
A,TOTAL,PC_GDP,ME00,2019 ,0.37
A,TOTAL,PC_GDP,MK00,2019 ,0.37
A,TOTAL,PC_GDP,MT00,2019 ,0.55
A,TOTAL,PC_GDP,NO02,2019 ,0.88
A,TOTAL,PC_GDP,NO06,2019 ,5.05
A,TOTAL,PC_GDP,NO07,2019 ,1.92
A,TOTAL,PC_GDP,PL21,2019 ,2.23
A,TOTAL,PC_GDP,PL22,2019 ,0.89
A,TOTAL,PC_GDP,PL41,2019 ,0.82
A,TOTAL,PC_GDP,PL42,2019 ,0.6
A,TOTAL,PC_GDP,PL43,2019 ,0.48
A,TOTAL,PC_GDP,PL51,2019 ,1.25
A,TOTAL,PC_GDP,PL52,2019 ,0.55
A,TOTAL,PC_GDP,PL61,2019 ,0.73
A,TOTAL,PC_GDP,PL62,2019 ,0.8
A,TOTAL,PC_GDP,PL63,2019 ,1.69
A,TOTAL,PC_GDP,PL71,2019 ,0.99
A,TOTAL,PC_GDP,PL72,2019 ,0.53
A,TOTAL,PC_GDP,PL81,2019 ,1.14
A,TOTAL,PC_GDP,PL82,2019 ,1.2
A,TOTAL,PC_GDP,PL84,2019 ,0.81
A,TOTAL,PC_GDP,PL91,2019 ,2.57
A,TOTAL,PC_GDP,PL92,2019 ,0.48
A,TOTAL,PC_GDP,PT11,2019 ,1.53
A,TOTAL,PC_GDP,PT15,2019 ,0.4
A,TOTAL,PC_GDP,PT16,2019 ,1.36
A,TOTAL,PC_GDP,PT17,2019 ,1.67
A,TOTAL,PC_GDP,PT18,2019 ,0.78
A,TOTAL,PC_GDP,PT20,2019 ,0.3
A,TOTAL,PC_GDP,PT30,2019 ,0.44
A,TOTAL,PC_GDP,RO11,2019 ,0.18
A,TOTAL,PC_GDP,RO12,2019 ,0.3
A,TOTAL,PC_GDP,RO21,2019 ,0.3
A,TOTAL,PC_GDP,RO22,2019 ,0.08
A,TOTAL,PC_GDP,RO31,2019 ,0.36
A,TOTAL,PC_GDP,RO32,2019 ,1.07
A,TOTAL,PC_GDP,RO41,2019 ,0.12
A,TOTAL,PC_GDP,RO42,2019 ,0.38
A,TOTAL,PC_GDP,RS11,2019 ,1.53
A,TOTAL,PC_GDP,RS12,2019 ,0.69
A,TOTAL,PC_GDP,RS21,2019 ,0.17
A,TOTAL,PC_GDP,RS22,2019 ,0.24
A,TOTAL,PC_GDP,SE11,2019 ,3.33
A,TOTAL,PC_GDP,SE12,2019 ,3.95
A,TOTAL,PC_GDP,SE22,2019 ,3.64
A,TOTAL,PC_GDP,SE23,2019 ,5.11
A,TOTAL,PC_GDP,SE31,2019 ,1.27
A,TOTAL,PC_GDP,SE33,2019 ,2.47
A,TOTAL,PC_GDP,SI03,2019 ,1.6
A,TOTAL,PC_GDP,SI04,2019 ,2.38
A,TOTAL,PC_GDP,SK01,2019 ,1.41
A,TOTAL,PC_GDP,SK02,2019 ,0.62
A,TOTAL,PC_GDP,SK03,2019 ,0.65
A,TOTAL,PC_GDP,SK04,2019 ,0.5
A,TOTAL,PC_GDP,BEZZ,2020 ,0.0
A,TOTAL,PC_GDP,BG31,2020 ,0.39
A,TOTAL,PC_GDP,BG32,2020 ,0.35
A,TOTAL,PC_GDP,BG33,2020 ,0.38
A,TOTAL,PC_GDP,BG34,2020 ,0.36
A,TOTAL,PC_GDP,BG41,2020 ,1.28
A,TOTAL,PC_GDP,BG42,2020 ,0.52
A,TOTAL,PC_GDP,CY00,2020 ,0.83
A,TOTAL,PC_GDP,CZ01,2020 ,2.79
A,TOTAL,PC_GDP,CZ02,2020 ,2.27
A,TOTAL,PC_GDP,CZ03,2020 ,1.48
A,TOTAL,PC_GDP,CZ04,2020 ,0.41
A,TOTAL,PC_GDP,CZ05,2020 ,1.42
A,TOTAL,PC_GDP,CZ06,2020 ,2.57
A,TOTAL,PC_GDP,CZ07,2020 ,1.5
A,TOTAL,PC_GDP,CZ08,2020 ,1.22
A,TOTAL,PC_GDP,EE00,2020 ,1.73
A,TOTAL,PC_GDP,EL30,2020 ,1.87
A,TOTAL,PC_GDP,EL41,2020 ,0.88
A,TOTAL,PC_GDP,EL42,2020 ,0.29
A,TOTAL,PC_GDP,EL43,2020 ,1.95
A,TOTAL,PC_GDP,EL51,2020 ,1.0
A,TOTAL,PC_GDP,EL52,2020 ,1.38
A,TOTAL,PC_GDP,EL53,2020 ,0.6
A,TOTAL,PC_GDP,EL54,2020 ,1.72
A,TOTAL,PC_GDP,EL61,2020 ,1.21
A,TOTAL,PC_GDP,EL62,2020 ,0.54
A,TOTAL,PC_GDP,EL63,2020 ,1.57
A,TOTAL,PC_GDP,EL64,2020 ,0.84
A,TOTAL,PC_GDP,EL65,2020 ,0.79
A,TOTAL,PC_GDP,ES11,2020 ,1.09
A,TOTAL,PC_GDP,ES12,2020 ,0.91
A,TOTAL,PC_GDP,ES13,2020 ,0.93
A,TOTAL,PC_GDP,ES21,2020 ,2.2
A,TOTAL,PC_GDP,ES22,2020 ,1.93
A,TOTAL,PC_GDP,ES23,2020 ,0.79
A,TOTAL,PC_GDP,ES24,2020 ,0.96
A,TOTAL,PC_GDP,ES30,2020 ,1.95
A,TOTAL,PC_GDP,ES41,2020 ,1.38
A,TOTAL,PC_GDP,ES42,2020 ,0.66
A,TOTAL,PC_GDP,ES43,2020 ,0.66
A,TOTAL,PC_GDP,ES51,2020 ,1.7
A,TOTAL,PC_GDP,ES52,2020 ,1.18
A,TOTAL,PC_GDP,ES53,2020 ,0.53
A,TOTAL,PC_GDP,ES61,2020 ,1.09
A,TOTAL,PC_GDP,ES62,2020 ,1.15
A,TOTAL,PC_GDP,ES70,2020 ,0.56
A,TOTAL,PC_GDP,FI19,2020 ,2.71
A,TOTAL,PC_GDP,FI1B,2020 ,3.66
A,TOTAL,PC_GDP,FI1C,2020 ,1.86
A,TOTAL,PC_GDP,FI1D,2020 ,2.69
A,TOTAL,PC_GDP,FI20,2020 ,0.4
A,TOTAL,PC_GDP,HR02,2020 ,0.31
A,TOTAL,PC_GDP,HR03,2020 ,0.62
A,TOTAL,PC_GDP,HR05,2020 ,2.39
A,TOTAL,PC_GDP,HR06,2020 ,0.99
A,TOTAL,PC_GDP,HU11,2020 ,2.52
A,TOTAL,PC_GDP,HU12,2020 ,0.83
A,TOTAL,PC_GDP,HU21,2020 ,1.77
A,TOTAL,PC_GDP,HU22,2020 ,0.78
A,TOTAL,PC_GDP,HU23,2020 ,0.85
A,TOTAL,PC_GDP,HU31,2020 ,0.76
A,TOTAL,PC_GDP,HU32,2020 ,0.92
A,TOTAL,PC_GDP,HU33,2020 ,1.22
A,TOTAL,PC_GDP,IS00,2020 ,2.44
A,TOTAL,PC_GDP,ITC1,2020 ,2.34
A,TOTAL,PC_GDP,ITC2,2020 ,0.58
A,TOTAL,PC_GDP,ITC3,2020 ,1.56
A,TOTAL,PC_GDP,ITC4,2020 ,1.36
A,TOTAL,PC_GDP,ITF1,2020 ,1.02
A,TOTAL,PC_GDP,ITF2,2020 ,1.03
A,TOTAL,PC_GDP,ITF3,2020 ,1.34
A,TOTAL,PC_GDP,ITF4,2020 ,0.84
A,TOTAL,PC_GDP,ITF5,2020 ,0.67
A,TOTAL,PC_GDP,ITF6,2020 ,0.61
A,TOTAL,PC_GDP,ITG1,2020 ,0.9
A,TOTAL,PC_GDP,ITG2,2020 ,0.9
A,TOTAL,PC_GDP,ITH1,2020 ,0.91
A,TOTAL,PC_GDP,ITH2,2020 ,1.58
A,TOTAL,PC_GDP,ITH3,2020 ,1.39
A,TOTAL,PC_GDP,ITH4,2020 ,1.73
A,TOTAL,PC_GDP,ITH5,2020 ,2.11
A,TOTAL,PC_GDP,ITI1,2020 ,1.66
A,TOTAL,PC_GDP,ITI2,2020 ,1.05
A,TOTAL,PC_GDP,ITI3,2020 ,1.02
A,TOTAL,PC_GDP,ITI4,2020 ,1.98
A,TOTAL,PC_GDP,LT01,2020 ,1.76
A,TOTAL,PC_GDP,LT02,2020 ,0.67
A,TOTAL,PC_GDP,LU00,2020 ,1.1
A,TOTAL,PC_GDP,LV00,2020 ,0.76
A,TOTAL,PC_GDP,MK00,2020 ,0.37
A,TOTAL,PC_GDP,MT00,2020 ,0.6
A,TOTAL,PC_GDP,NO02,2020 ,0.93
A,TOTAL,PC_GDP,NO06,2020 ,4.85
A,TOTAL,PC_GDP,NO07,2020 ,1.91
A,TOTAL,PC_GDP,NO08,2020 ,2.89
A,TOTAL,PC_GDP,NO09,2020 ,1.72
A,TOTAL,PC_GDP,NO0A,2020 ,2.05
A,TOTAL,PC_GDP,PL21,2020 ,2.41
A,TOTAL,PC_GDP,PL22,2020 ,0.87
A,TOTAL,PC_GDP,PL41,2020 ,0.86
A,TOTAL,PC_GDP,PL42,2020 ,0.52
A,TOTAL,PC_GDP,PL43,2020 ,0.42
A,TOTAL,PC_GDP,PL51,2020 ,1.29
A,TOTAL,PC_GDP,PL52,2020 ,0.55
A,TOTAL,PC_GDP,PL61,2020 ,0.87
A,TOTAL,PC_GDP,PL62,2020 ,0.76
A,TOTAL,PC_GDP,PL63,2020 ,1.74
A,TOTAL,PC_GDP,PL71,2020 ,1.13
A,TOTAL,PC_GDP,PL72,2020 ,0.51
A,TOTAL,PC_GDP,PL81,2020 ,1.17
A,TOTAL,PC_GDP,PL82,2020 ,1.29
A,TOTAL,PC_GDP,PL84,2020 ,0.82
A,TOTAL,PC_GDP,PL91,2020 ,2.71
A,TOTAL,PC_GDP,PL92,2020 ,0.45
A,TOTAL,PC_GDP,PT11,2020 ,1.81
A,TOTAL,PC_GDP,PT15,2020 ,0.5
A,TOTAL,PC_GDP,PT16,2020 ,1.43
A,TOTAL,PC_GDP,PT17,2020 ,1.95
A,TOTAL,PC_GDP,PT18,2020 ,0.88
A,TOTAL,PC_GDP,PT20,2020 ,0.34
A,TOTAL,PC_GDP,PT30,2020 ,0.52
A,TOTAL,PC_GDP,RO11,2020 ,0.2
A,TOTAL,PC_GDP,RO12,2020 ,0.34
A,TOTAL,PC_GDP,RO21,2020 ,0.28
A,TOTAL,PC_GDP,RO22,2020 ,0.09
A,TOTAL,PC_GDP,RO31,2020 ,0.35
A,TOTAL,PC_GDP,RO32,2020 ,0.93
A,TOTAL,PC_GDP,RO41,2020 ,0.1
A,TOTAL,PC_GDP,RO42,2020 ,0.63
A,TOTAL,PC_GDP,RS11,2020 ,1.57
A,TOTAL,PC_GDP,RS12,2020 ,0.68
A,TOTAL,PC_GDP,RS21,2020 ,0.17
A,TOTAL,PC_GDP,RS22,2020 ,0.29
A,TOTAL,PC_GDP,SI03,2020 ,1.59
A,TOTAL,PC_GDP,SI04,2020 ,2.57
A,TOTAL,PC_GDP,SK01,2020 ,1.49
A,TOTAL,PC_GDP,SK02,2020 ,0.64
A,TOTAL,PC_GDP,SK03,2020 ,0.73
A,TOTAL,PC_GDP,SK04,2020 ,0.64
A,TOTAL,PC_GDP,AT11,2021 ,0.84
A,TOTAL,PC_GDP,AT12,2021 ,1.78
A,TOTAL,PC_GDP,AT13,2021 ,4.04
A,TOTAL,PC_GDP,AT21,2021 ,2.98
A,TOTAL,PC_GDP,AT22,2021 ,5.17
A,TOTAL,PC_GDP,AT31,2021 ,3.58
A,TOTAL,PC_GDP,AT32,2021 ,1.75
A,TOTAL,PC_GDP,AT33,2021 ,3.21
A,TOTAL,PC_GDP,AT34,2021 ,1.86
A,TOTAL,PC_GDP,BE10,2021 ,2.49
A,TOTAL,PC_GDP,BEZZ,2021 ,0.0
A,TOTAL,PC_GDP,BG31,2021 ,0.36
A,TOTAL,PC_GDP,BG32,2021 ,0.31
A,TOTAL,PC_GDP,BG33,2021 ,0.35
A,TOTAL,PC_GDP,BG34,2021 ,0.28
A,TOTAL,PC_GDP,BG41,2021 ,1.18
A,TOTAL,PC_GDP,BG42,2021 ,0.46
A,TOTAL,PC_GDP,CY00,2021 ,0.83
A,TOTAL,PC_GDP,CZ01,2021 ,2.83
A,TOTAL,PC_GDP,CZ02,2021 ,2.28
A,TOTAL,PC_GDP,CZ03,2021 ,1.57
A,TOTAL,PC_GDP,CZ04,2021 ,0.38
A,TOTAL,PC_GDP,CZ05,2021 ,1.38
A,TOTAL,PC_GDP,CZ06,2021 ,2.52
A,TOTAL,PC_GDP,CZ07,2021 ,1.58
A,TOTAL,PC_GDP,CZ08,2021 ,1.16
A,TOTAL,PC_GDP,DE11,2021 ,6.81
A,TOTAL,PC_GDP,DE12,2021 ,5.38
A,TOTAL,PC_GDP,DE13,2021 ,3.07
A,TOTAL,PC_GDP,DE14,2021 ,5.47
A,TOTAL,PC_GDP,DE21,2021 ,4.46
A,TOTAL,PC_GDP,DE22,2021 ,1.35
A,TOTAL,PC_GDP,DE23,2021 ,2.73
A,TOTAL,PC_GDP,DE24,2021 ,2.49
A,TOTAL,PC_GDP,DE25,2021 ,3.66
A,TOTAL,PC_GDP,DE26,2021 ,3.05
A,TOTAL,PC_GDP,DE27,2021 ,1.5
A,TOTAL,PC_GDP,DE30,2021 ,3.37
A,TOTAL,PC_GDP,DE40,2021 ,1.75
A,TOTAL,PC_GDP,DE50,2021 ,3.25
A,TOTAL,PC_GDP,DE60,2021 ,2.21
A,TOTAL,PC_GDP,DE71,2021 ,3.38
A,TOTAL,PC_GDP,DE72,2021 ,2.72
A,TOTAL,PC_GDP,DE73,2021 ,1.93
A,TOTAL,PC_GDP,DE80,2021 ,1.77
A,TOTAL,PC_GDP,DE91,2021 ,6.09
A,TOTAL,PC_GDP,DE92,2021 ,2.53
A,TOTAL,PC_GDP,DE93,2021 ,0.87
A,TOTAL,PC_GDP,DE94,2021 ,1.03
A,TOTAL,PC_GDP,DEA1,2021 ,1.95
A,TOTAL,PC_GDP,DEA2,2021 ,3.33
A,TOTAL,PC_GDP,DEA3,2021 ,1.3
A,TOTAL,PC_GDP,DEA4,2021 ,1.9
A,TOTAL,PC_GDP,DEA5,2021 ,1.84
A,TOTAL,PC_GDP,DEB1,2021 ,0.89
A,TOTAL,PC_GDP,DEB2,2021 ,0.93
A,TOTAL,PC_GDP,DEB3,2021 ,4.23
A,TOTAL,PC_GDP,DED2,2021 ,4.61
A,TOTAL,PC_GDP,DED4,2021 ,1.91
A,TOTAL,PC_GDP,DED5,2021 ,2.21
A,TOTAL,PC_GDP,DEE0,2021 ,1.6
A,TOTAL,PC_GDP,DEF0,2021 ,1.67
A,TOTAL,PC_GDP,DEG0,2021 ,2.76
A,TOTAL,PC_GDP,EE00,2021 ,1.75
A,TOTAL,PC_GDP,EL30,2021 ,1.79
A,TOTAL,PC_GDP,EL41,2021 ,1.02
A,TOTAL,PC_GDP,EL42,2021 ,0.27
A,TOTAL,PC_GDP,EL43,2021 ,1.88
A,TOTAL,PC_GDP,EL51,2021 ,1.08
A,TOTAL,PC_GDP,EL52,2021 ,1.39
A,TOTAL,PC_GDP,EL53,2021 ,0.58
A,TOTAL,PC_GDP,EL54,2021 ,1.59
A,TOTAL,PC_GDP,EL61,2021 ,1.18
A,TOTAL,PC_GDP,EL62,2021 ,0.62
A,TOTAL,PC_GDP,EL63,2021 ,1.48
A,TOTAL,PC_GDP,EL64,2021 ,0.81
A,TOTAL,PC_GDP,EL65,2021 ,0.72
A,TOTAL,PC_GDP,ES11,2021 ,1.1
A,TOTAL,PC_GDP,ES12,2021 ,0.87
A,TOTAL,PC_GDP,ES13,2021 ,0.96
A,TOTAL,PC_GDP,ES21,2021 ,2.32
A,TOTAL,PC_GDP,ES22,2021 ,1.91
A,TOTAL,PC_GDP,ES23,2021 ,0.75
A,TOTAL,PC_GDP,ES24,2021 ,1.02
A,TOTAL,PC_GDP,ES30,2021 ,1.93
A,TOTAL,PC_GDP,ES41,2021 ,1.37
A,TOTAL,PC_GDP,ES42,2021 ,0.8
A,TOTAL,PC_GDP,ES43,2021 ,0.74
A,TOTAL,PC_GDP,ES51,2021 ,1.78
A,TOTAL,PC_GDP,ES52,2021 ,1.2
A,TOTAL,PC_GDP,ES53,2021 ,0.48
A,TOTAL,PC_GDP,ES61,2021 ,1.06
A,TOTAL,PC_GDP,ES62,2021 ,1.09
A,TOTAL,PC_GDP,ES63,2021 ,0.21
A,TOTAL,PC_GDP,ES64,2021 ,0.35
A,TOTAL,PC_GDP,ES70,2021 ,0.56
A,TOTAL,PC_GDP,FI19,2021 ,2.74
A,TOTAL,PC_GDP,FI1B,2021 ,3.77
A,TOTAL,PC_GDP,FI1C,2021 ,1.87
A,TOTAL,PC_GDP,FI1D,2021 ,2.78
A,TOTAL,PC_GDP,FI20,2021 ,0.39
A,TOTAL,PC_GDP,FR10,2021 ,2.83
A,TOTAL,PC_GDP,FRB0,2021 ,1.5
A,TOTAL,PC_GDP,FRC1,2021 ,0.93
A,TOTAL,PC_GDP,FRC2,2021 ,2.93
A,TOTAL,PC_GDP,FRD1,2021 ,1.25
A,TOTAL,PC_GDP,FRD2,2021 ,1.53
A,TOTAL,PC_GDP,FRE1,2021 ,0.91
A,TOTAL,PC_GDP,FRE2,2021 ,1.49
A,TOTAL,PC_GDP,FRF1,2021 ,1.86
A,TOTAL,PC_GDP,FRF2,2021 ,0.85
A,TOTAL,PC_GDP,FRF3,2021 ,1.29
A,TOTAL,PC_GDP,FRG0,2021 ,1.33
A,TOTAL,PC_GDP,FRH0,2021 ,1.75
A,TOTAL,PC_GDP,FRI1,2021 ,1.79
A,TOTAL,PC_GDP,FRI2,2021 ,1.33
A,TOTAL,PC_GDP,FRI3,2021 ,0.9
A,TOTAL,PC_GDP,FRJ1,2021 ,2.59
A,TOTAL,PC_GDP,FRJ2,2021 ,4.44
A,TOTAL,PC_GDP,FRK1,2021 ,2.15
A,TOTAL,PC_GDP,FRK2,2021 ,3.0
A,TOTAL,PC_GDP,FRL0,2021 ,2.16
A,TOTAL,PC_GDP,FRM0,2021 ,0.37
A,TOTAL,PC_GDP,HR02,2021 ,0.42
A,TOTAL,PC_GDP,HR03,2021 ,0.65
A,TOTAL,PC_GDP,HR05,2021 ,2.24
A,TOTAL,PC_GDP,HR06,2021 ,1.15
A,TOTAL,PC_GDP,HU11,2021 ,2.76
A,TOTAL,PC_GDP,HU12,2021 ,0.62
A,TOTAL,PC_GDP,HU21,2021 ,1.26
A,TOTAL,PC_GDP,HU22,2021 ,1.13
A,TOTAL,PC_GDP,HU23,2021 ,0.86
A,TOTAL,PC_GDP,HU31,2021 ,0.65
A,TOTAL,PC_GDP,HU32,2021 ,0.96
A,TOTAL,PC_GDP,HU33,2021 ,1.37
A,TOTAL,PC_GDP,IE04,2021 ,1.73
A,TOTAL,PC_GDP,IE05,2021 ,0.8
A,TOTAL,PC_GDP,IE06,2021 ,1.3
A,TOTAL,PC_GDP,IS00,2021 ,2.73
A,TOTAL,PC_GDP,ITC1,2021 ,2.08
A,TOTAL,PC_GDP,ITC2,2021 ,0.58
A,TOTAL,PC_GDP,ITC3,2021 ,1.62
A,TOTAL,PC_GDP,ITC4,2021 ,1.29
A,TOTAL,PC_GDP,ITF1,2021 ,1.14
A,TOTAL,PC_GDP,ITF2,2021 ,0.95
A,TOTAL,PC_GDP,ITF3,2021 ,1.33
A,TOTAL,PC_GDP,ITF4,2021 ,0.86
A,TOTAL,PC_GDP,ITF5,2021 ,0.54
A,TOTAL,PC_GDP,ITF6,2021 ,0.59
A,TOTAL,PC_GDP,ITG1,2021 ,0.92
A,TOTAL,PC_GDP,ITG2,2021 ,0.83
A,TOTAL,PC_GDP,ITH1,2021 ,0.83
A,TOTAL,PC_GDP,ITH2,2021 ,1.48
A,TOTAL,PC_GDP,ITH3,2021 ,1.27
A,TOTAL,PC_GDP,ITH4,2021 ,1.66
A,TOTAL,PC_GDP,ITH5,2021 ,2.16
A,TOTAL,PC_GDP,ITI1,2021 ,1.58
A,TOTAL,PC_GDP,ITI2,2021 ,0.98
A,TOTAL,PC_GDP,ITI3,2021 ,1.0
A,TOTAL,PC_GDP,ITI4,2021 ,2.0
A,TOTAL,PC_GDP,LT01,2021 ,1.66
A,TOTAL,PC_GDP,LT02,2021 ,0.7
A,TOTAL,PC_GDP,LU00,2021 ,1.04
A,TOTAL,PC_GDP,LV00,2021 ,0.74
A,TOTAL,PC_GDP,LVZZ,2021 ,0.0
A,TOTAL,PC_GDP,ME00,2021 ,0.51
A,TOTAL,PC_GDP,MT00,2021 ,0.67
A,TOTAL,PC_GDP,MTZZ,2021 ,0.0
A,TOTAL,PC_GDP,PL21,2021 ,2.51
A,TOTAL,PC_GDP,PL22,2021 ,0.95
A,TOTAL,PC_GDP,PL41,2021 ,0.9
A,TOTAL,PC_GDP,PL42,2021 ,0.65
A,TOTAL,PC_GDP,PL43,2021 ,0.34
A,TOTAL,PC_GDP,PL51,2021 ,1.39
A,TOTAL,PC_GDP,PL52,2021 ,0.58
A,TOTAL,PC_GDP,PL61,2021 ,1.02
A,TOTAL,PC_GDP,PL62,2021 ,1.21
A,TOTAL,PC_GDP,PL63,2021 ,1.84
A,TOTAL,PC_GDP,PL71,2021 ,1.13
A,TOTAL,PC_GDP,PL72,2021 ,0.48
A,TOTAL,PC_GDP,PL81,2021 ,1.14
A,TOTAL,PC_GDP,PL82,2021 ,1.29
A,TOTAL,PC_GDP,PL84,2021 ,0.87
A,TOTAL,PC_GDP,PL91,2021 ,2.71
A,TOTAL,PC_GDP,PL92,2021 ,0.35
A,TOTAL,PC_GDP,PT11,2021 ,1.97
A,TOTAL,PC_GDP,PT15,2021 ,0.48
A,TOTAL,PC_GDP,PT20,2021 ,0.41
A,TOTAL,PC_GDP,PT30,2021 ,0.46
A,TOTAL,PC_GDP,RO11,2021 ,0.25
A,TOTAL,PC_GDP,RO12,2021 ,0.35
A,TOTAL,PC_GDP,RO21,2021 ,0.25
A,TOTAL,PC_GDP,RO22,2021 ,0.1
A,TOTAL,PC_GDP,RO31,2021 ,0.27
A,TOTAL,PC_GDP,RO32,2021 ,0.97
A,TOTAL,PC_GDP,RO41,2021 ,0.12
A,TOTAL,PC_GDP,RO42,2021 ,0.67
A,TOTAL,PC_GDP,RS11,2021 ,1.74
A,TOTAL,PC_GDP,RS12,2021 ,0.9
A,TOTAL,PC_GDP,RS21,2021 ,0.16
A,TOTAL,PC_GDP,RS22,2021 ,0.21
A,TOTAL,PC_GDP,SE11,2021 ,3.57
A,TOTAL,PC_GDP,SE12,2021 ,3.65
A,TOTAL,PC_GDP,SE21,2021 ,1.64
A,TOTAL,PC_GDP,SE22,2021 ,3.25
A,TOTAL,PC_GDP,SE23,2021 ,5.31
A,TOTAL,PC_GDP,SE31,2021 ,1.05
A,TOTAL,PC_GDP,SE32,2021 ,0.7
A,TOTAL,PC_GDP,SE33,2021 ,2.51
A,TOTAL,PC_GDP,SI03,2021 ,1.52
A,TOTAL,PC_GDP,SI04,2021 ,2.59
A,TOTAL,PC_GDP,SK01,2021 ,1.52
A,TOTAL,PC_GDP,SK02,2021 ,0.78
A,TOTAL,PC_GDP,SK03,2021 ,0.72
A,TOTAL,PC_GDP,SK04,2021 ,0.57
A,TOTAL,PC_GDP,TR10,2021 ,1.37
A,TOTAL,PC_GDP,TR21,2021 ,0.89
A,TOTAL,PC_GDP,TR22,2021 ,0.52
A,TOTAL,PC_GDP,TR31,2021 ,0.9
A,TOTAL,PC_GDP,TR32,2021 ,0.46
A,TOTAL,PC_GDP,TR33,2021 ,0.99
A,TOTAL,PC_GDP,TR41,2021 ,1.47
A,TOTAL,PC_GDP,TR42,2021 ,1.94
A,TOTAL,PC_GDP,TR51,2021 ,4.3
A,TOTAL,PC_GDP,TR52,2021 ,1.05
A,TOTAL,PC_GDP,TR61,2021 ,0.69
A,TOTAL,PC_GDP,TR62,2021 ,0.45
A,TOTAL,PC_GDP,TR63,2021 ,0.26
A,TOTAL,PC_GDP,TR71,2021 ,1.5
A,TOTAL,PC_GDP,TR72,2021 ,0.94
A,TOTAL,PC_GDP,TR81,2021 ,1.08
A,TOTAL,PC_GDP,TR82,2021 ,2.0
A,TOTAL,PC_GDP,TR83,2021 ,0.59
A,TOTAL,PC_GDP,TR90,2021 ,0.58
A,TOTAL,PC_GDP,TRA1,2021 ,1.72
A,TOTAL,PC_GDP,TRA2,2021 ,0.88
A,TOTAL,PC_GDP,TRB1,2021 ,1.49
A,TOTAL,PC_GDP,TRB2,2021 ,1.4
A,TOTAL,PC_GDP,TRC1,2021 ,0.46
A,TOTAL,PC_GDP,TRC2,2021 ,0.6
A,TOTAL,PC_GDP,TRC3,2021 ,0.53
A,TOTAL,PC_GDP,BE10,2022 ,2.34
A,TOTAL,PC_GDP,BE21,2022 ,4.12
A,TOTAL,PC_GDP,BE22,2022 ,1.81
A,TOTAL,PC_GDP,BE23,2022 ,3.46
A,TOTAL,PC_GDP,BE24,2022 ,5.22
A,TOTAL,PC_GDP,BE25,2022 ,1.65
A,TOTAL,PC_GDP,BE31,2022 ,9.27
A,TOTAL,PC_GDP,BE32,2022 ,1.57
A,TOTAL,PC_GDP,BE33,2022 ,2.2
A,TOTAL,PC_GDP,BE34,2022 ,0.16
A,TOTAL,PC_GDP,BE35,2022 ,1.06
A,TOTAL,PC_GDP,BG31,2022 ,0.34
A,TOTAL,PC_GDP,BG32,2022 ,0.33
A,TOTAL,PC_GDP,BG33,2022 ,0.4
A,TOTAL,PC_GDP,BG34,2022 ,0.26
A,TOTAL,PC_GDP,BG41,2022 ,1.17
A,TOTAL,PC_GDP,BG42,2022 ,0.43
A,TOTAL,PC_GDP,CY00,2022 ,0.7
A,TOTAL,PC_GDP,CZ01,2022 ,2.65
A,TOTAL,PC_GDP,CZ02,2022 ,2.12
A,TOTAL,PC_GDP,CZ03,2022 ,1.51
A,TOTAL,PC_GDP,CZ04,2022 ,0.36
A,TOTAL,PC_GDP,CZ05,2022 ,1.29
A,TOTAL,PC_GDP,CZ06,2022 ,2.34
A,TOTAL,PC_GDP,CZ07,2022 ,1.61
A,TOTAL,PC_GDP,CZ08,2022 ,1.13
A,TOTAL,PC_GDP,EE00,2022 ,1.77
A,TOTAL,PC_GDP,EL30,2022 ,1.81
A,TOTAL,PC_GDP,EL41,2022 ,0.91
A,TOTAL,PC_GDP,EL42,2022 ,0.25
A,TOTAL,PC_GDP,EL43,2022 ,1.66
A,TOTAL,PC_GDP,EL51,2022 ,1.16
A,TOTAL,PC_GDP,EL52,2022 ,1.25
A,TOTAL,PC_GDP,EL53,2022 ,0.77
A,TOTAL,PC_GDP,EL54,2022 ,2.27
A,TOTAL,PC_GDP,EL61,2022 ,1.13
A,TOTAL,PC_GDP,EL62,2022 ,0.39
A,TOTAL,PC_GDP,EL63,2022 ,1.83
A,TOTAL,PC_GDP,EL64,2022 ,0.81
A,TOTAL,PC_GDP,EL65,2022 ,1.0
A,TOTAL,PC_GDP,ES11,2022 ,1.05
A,TOTAL,PC_GDP,ES12,2022 ,0.82
A,TOTAL,PC_GDP,ES13,2022 ,0.89
A,TOTAL,PC_GDP,ES21,2022 ,2.21
A,TOTAL,PC_GDP,ES22,2022 ,1.77
A,TOTAL,PC_GDP,ES23,2022 ,0.84
A,TOTAL,PC_GDP,ES24,2022 ,1.02
A,TOTAL,PC_GDP,ES30,2022 ,1.92
A,TOTAL,PC_GDP,ES41,2022 ,1.32
A,TOTAL,PC_GDP,ES42,2022 ,0.63
A,TOTAL,PC_GDP,ES43,2022 ,0.67
A,TOTAL,PC_GDP,ES51,2022 ,1.87
A,TOTAL,PC_GDP,ES52,2022 ,1.16
A,TOTAL,PC_GDP,ES53,2022 ,0.44
A,TOTAL,PC_GDP,ES61,2022 ,1.03
A,TOTAL,PC_GDP,ES62,2022 ,1.04
A,TOTAL,PC_GDP,ES63,2022 ,0.23
A,TOTAL,PC_GDP,ES64,2022 ,0.37
A,TOTAL,PC_GDP,ES70,2022 ,0.56
A,TOTAL,PC_GDP,FI19,2022 ,2.84
A,TOTAL,PC_GDP,FI1B,2022 ,3.73
A,TOTAL,PC_GDP,FI1C,2022 ,1.89
A,TOTAL,PC_GDP,FI1D,2022 ,2.74
A,TOTAL,PC_GDP,FI20,2022 ,0.44
A,TOTAL,PC_GDP,HR02,2022 ,0.46
A,TOTAL,PC_GDP,HR03,2022 ,0.57
A,TOTAL,PC_GDP,HR05,2022 ,2.67
A,TOTAL,PC_GDP,HR06,2022 ,1.64
A,TOTAL,PC_GDP,HU11,2022 ,2.3
A,TOTAL,PC_GDP,HU12,2022 ,0.51
A,TOTAL,PC_GDP,HU21,2022 ,1.26
A,TOTAL,PC_GDP,HU22,2022 ,0.83
A,TOTAL,PC_GDP,HU23,2022 ,0.56
A,TOTAL,PC_GDP,HU31,2022 ,0.68
A,TOTAL,PC_GDP,HU32,2022 ,0.91
A,TOTAL,PC_GDP,HU33,2022 ,1.17
A,TOTAL,PC_GDP,IS00,2022 ,2.56
A,TOTAL,PC_GDP,ITC1,2022 ,2.12
A,TOTAL,PC_GDP,ITC2,2022 ,0.51
A,TOTAL,PC_GDP,ITC3,2022 ,1.5
A,TOTAL,PC_GDP,ITC4,2022 ,1.17
A,TOTAL,PC_GDP,ITF1,2022 ,1.08
A,TOTAL,PC_GDP,ITF2,2022 ,0.67
A,TOTAL,PC_GDP,ITF3,2022 ,1.26
A,TOTAL,PC_GDP,ITF4,2022 ,0.84
A,TOTAL,PC_GDP,ITF5,2022 ,0.63
A,TOTAL,PC_GDP,ITF6,2022 ,0.58
A,TOTAL,PC_GDP,ITG1,2022 ,0.88
A,TOTAL,PC_GDP,ITG2,2022 ,0.86
A,TOTAL,PC_GDP,ITH1,2022 ,0.74
A,TOTAL,PC_GDP,ITH2,2022 ,1.47
A,TOTAL,PC_GDP,ITH3,2022 ,1.23
A,TOTAL,PC_GDP,ITH4,2022 ,1.51
A,TOTAL,PC_GDP,ITH5,2022 ,1.99
A,TOTAL,PC_GDP,ITI1,2022 ,1.5
A,TOTAL,PC_GDP,ITI2,2022 ,0.9
A,TOTAL,PC_GDP,ITI3,2022 ,1.01
A,TOTAL,PC_GDP,ITI4,2022 ,1.77
A,TOTAL,PC_GDP,LT01,2022 ,1.55
A,TOTAL,PC_GDP,LT02,2022 ,0.67
A,TOTAL,PC_GDP,LU00,2022 ,1.07
A,TOTAL,PC_GDP,LV00,2022 ,0.81
A,TOTAL,PC_GDP,LVZZ,2022 ,0.0
A,TOTAL,PC_GDP,ME00,2022 ,0.32
A,TOTAL,PC_GDP,MK00,2022 ,0.37
A,TOTAL,PC_GDP,MT00,2022 ,0.58
A,TOTAL,PC_GDP,MTZZ,2022 ,0.0
A,TOTAL,PC_GDP,PL21,2022 ,2.54
A,TOTAL,PC_GDP,PL22,2022 ,0.93
A,TOTAL,PC_GDP,PL41,2022 ,0.95
A,TOTAL,PC_GDP,PL42,2022 ,0.68
A,TOTAL,PC_GDP,PL43,2022 ,0.38
A,TOTAL,PC_GDP,PL51,2022 ,1.51
A,TOTAL,PC_GDP,PL52,2022 ,0.79
A,TOTAL,PC_GDP,PL61,2022 ,0.9
A,TOTAL,PC_GDP,PL62,2022 ,1.02
A,TOTAL,PC_GDP,PL63,2022 ,1.86
A,TOTAL,PC_GDP,PL71,2022 ,1.01
A,TOTAL,PC_GDP,PL72,2022 ,0.41
A,TOTAL,PC_GDP,PL81,2022 ,1.15
A,TOTAL,PC_GDP,PL82,2022 ,1.17
A,TOTAL,PC_GDP,PL84,2022 ,0.81
A,TOTAL,PC_GDP,PL91,2022 ,2.79
A,TOTAL,PC_GDP,PL92,2022 ,0.29
A,TOTAL,PC_GDP,PT11,2022 ,1.98
A,TOTAL,PC_GDP,PT15,2022 ,0.46
A,TOTAL,PC_GDP,PT19,2022 ,1.85
A,TOTAL,PC_GDP,PT1A,2022 ,2.13
A,TOTAL,PC_GDP,PT1B,2022 ,1.11
A,TOTAL,PC_GDP,PT1C,2022 ,0.79
A,TOTAL,PC_GDP,PT1D,2022 ,0.81
A,TOTAL,PC_GDP,PT20,2022 ,0.48
A,TOTAL,PC_GDP,PT30,2022 ,0.38
A,TOTAL,PC_GDP,RO11,2022 ,0.24
A,TOTAL,PC_GDP,RO12,2022 ,0.46
A,TOTAL,PC_GDP,RO21,2022 ,0.25
A,TOTAL,PC_GDP,RO22,2022 ,0.1
A,TOTAL,PC_GDP,RO31,2022 ,0.23
A,TOTAL,PC_GDP,RO32,2022 ,0.84
A,TOTAL,PC_GDP,RO41,2022 ,0.13
A,TOTAL,PC_GDP,RO42,2022 ,0.79
A,TOTAL,PC_GDP,RS11,2022 ,1.58
A,TOTAL,PC_GDP,RS12,2022 ,0.87
A,TOTAL,PC_GDP,RS21,2022 ,0.16
A,TOTAL,PC_GDP,RS22,2022 ,0.17
A,TOTAL,PC_GDP,RSZZ,2022 ,0.0
A,TOTAL,PC_GDP,SI03,2022 ,1.42
A,TOTAL,PC_GDP,SI04,2022 ,2.6
A,TOTAL,PC_GDP,SK01,2022 ,1.57
A,TOTAL,PC_GDP,SK02,2022 ,0.83
A,TOTAL,PC_GDP,SK03,2022 ,0.81
A,TOTAL,PC_GDP,SK04,2022 ,0.56
A,TOTAL,PC_GDP,TR10,2022 ,1.32
A,TOTAL,PC_GDP,TR21,2022 ,0.95
A,TOTAL,PC_GDP,TR22,2022 ,0.56
A,TOTAL,PC_GDP,TR31,2022 ,0.87
A,TOTAL,PC_GDP,TR32,2022 ,0.44
A,TOTAL,PC_GDP,TR33,2022 ,0.98
A,TOTAL,PC_GDP,TR41,2022 ,1.33
A,TOTAL,PC_GDP,TR42,2022 ,1.71
A,TOTAL,PC_GDP,TR51,2022 ,4.08
A,TOTAL,PC_GDP,TR52,2022 ,0.85
A,TOTAL,PC_GDP,TR61,2022 ,0.57
A,TOTAL,PC_GDP,TR62,2022 ,0.46
A,TOTAL,PC_GDP,TR63,2022 ,0.33
A,TOTAL,PC_GDP,TR71,2022 ,0.7
A,TOTAL,PC_GDP,TR72,2022 ,0.95
A,TOTAL,PC_GDP,TR81,2022 ,0.63
A,TOTAL,PC_GDP,TR82,2022 ,0.57
A,TOTAL,PC_GDP,TR83,2022 ,0.66
A,TOTAL,PC_GDP,TR90,2022 ,0.71
A,TOTAL,PC_GDP,TRA1,2022 ,1.99
A,TOTAL,PC_GDP,TRA2,2022 ,0.71
A,TOTAL,PC_GDP,TRB1,2022 ,1.16
A,TOTAL,PC_GDP,TRB2,2022 ,0.67
A,TOTAL,PC_GDP,TRC1,2022 ,0.42
A,TOTAL,PC_GDP,TRC2,2022 ,0.47
A,TOTAL,PC_GDP,TRC3,2022 ,0.23
A,TOTAL,PC_GDP,AT11,2023 ,0.75
A,TOTAL,PC_GDP,AT12,2023 ,1.79
A,TOTAL,PC_GDP,AT13,2023 ,3.91
A,TOTAL,PC_GDP,AT21,2023 ,3.19
A,TOTAL,PC_GDP,AT22,2023 ,5.32
A,TOTAL,PC_GDP,AT31,2023 ,3.54
A,TOTAL,PC_GDP,AT32,2023 ,1.61
A,TOTAL,PC_GDP,AT33,2023 ,2.91
A,TOTAL,PC_GDP,AT34,2023 ,1.93
A,TOTAL,PC_GDP,BE10,2023 ,2.45
A,TOTAL,PC_GDP,BE21,2023 ,4.08
A,TOTAL,PC_GDP,BE22,2023 ,1.91
A,TOTAL,PC_GDP,BE23,2023 ,3.4
A,TOTAL,PC_GDP,BE24,2023 ,5.17
A,TOTAL,PC_GDP,BE25,2023 ,1.72
A,TOTAL,PC_GDP,BE31,2023 ,8.68
A,TOTAL,PC_GDP,BE32,2023 ,1.58
A,TOTAL,PC_GDP,BE33,2023 ,2.52
A,TOTAL,PC_GDP,BE34,2023 ,0.57
A,TOTAL,PC_GDP,BE35,2023 ,1.09
A,TOTAL,PC_GDP,BG31,2023 ,0.26
A,TOTAL,PC_GDP,BG32,2023 ,0.34
A,TOTAL,PC_GDP,BG33,2023 ,0.39
A,TOTAL,PC_GDP,BG34,2023 ,0.27
A,TOTAL,PC_GDP,BG41,2023 ,1.25
A,TOTAL,PC_GDP,BG42,2023 ,0.41
A,TOTAL,PC_GDP,CY00,2023 ,0.66
A,TOTAL,PC_GDP,CZ01,2023 ,2.63
A,TOTAL,PC_GDP,CZ02,2023 ,2.01
A,TOTAL,PC_GDP,CZ03,2023 ,1.4
A,TOTAL,PC_GDP,CZ04,2023 ,0.45
A,TOTAL,PC_GDP,CZ05,2023 ,1.23
A,TOTAL,PC_GDP,CZ06,2023 ,2.17
A,TOTAL,PC_GDP,CZ07,2023 ,1.54
A,TOTAL,PC_GDP,CZ08,2023 ,1.05
A,TOTAL,PC_GDP,DE11,2023 ,7.33
A,TOTAL,PC_GDP,DE12,2023 ,5.88
A,TOTAL,PC_GDP,DE13,2023 ,2.46
A,TOTAL,PC_GDP,DE14,2023 ,3.89
A,TOTAL,PC_GDP,DE21,2023 ,5.22
A,TOTAL,PC_GDP,DE22,2023 ,0.7
A,TOTAL,PC_GDP,DE23,2023 ,1.77
A,TOTAL,PC_GDP,DE24,2023 ,2.82
A,TOTAL,PC_GDP,DE25,2023 ,2.5
A,TOTAL,PC_GDP,DE26,2023 ,1.99
A,TOTAL,PC_GDP,DE27,2023 ,1.37
A,TOTAL,PC_GDP,DE30,2023 ,3.04
A,TOTAL,PC_GDP,DE40,2023 ,1.49
A,TOTAL,PC_GDP,DE50,2023 ,2.8
A,TOTAL,PC_GDP,DE60,2023 ,2.62
A,TOTAL,PC_GDP,DE71,2023 ,3.36
A,TOTAL,PC_GDP,DE72,2023 ,2.58
A,TOTAL,PC_GDP,DE73,2023 ,1.54
A,TOTAL,PC_GDP,DE80,2023 ,1.37
A,TOTAL,PC_GDP,DE91,2023 ,5.91
A,TOTAL,PC_GDP,DE92,2023 ,3.23
A,TOTAL,PC_GDP,DE93,2023 ,0.99
A,TOTAL,PC_GDP,DE94,2023 ,0.78
A,TOTAL,PC_GDP,DEA1,2023 ,1.64
A,TOTAL,PC_GDP,DEA2,2023 ,4.05
A,TOTAL,PC_GDP,DEA3,2023 ,1.16
A,TOTAL,PC_GDP,DEA4,2023 ,1.75
A,TOTAL,PC_GDP,DEA5,2023 ,1.76
A,TOTAL,PC_GDP,DEB1,2023 ,0.96
A,TOTAL,PC_GDP,DEB2,2023 ,3.19
A,TOTAL,PC_GDP,DEB3,2023 ,5.28
A,TOTAL,PC_GDP,DEC0,2023 ,1.62
A,TOTAL,PC_GDP,DED2,2023 ,2.47
A,TOTAL,PC_GDP,DED4,2023 ,2.09
A,TOTAL,PC_GDP,DED5,2023 ,2.13
A,TOTAL,PC_GDP,DEE0,2023 ,1.45
A,TOTAL,PC_GDP,DEF0,2023 ,1.53
A,TOTAL,PC_GDP,DEG0,2023 ,2.58
A,TOTAL,PC_GDP,DK01,2023 ,4.61
A,TOTAL,PC_GDP,DK02,2023 ,1.01
A,TOTAL,PC_GDP,DK03,2023 ,2.01
A,TOTAL,PC_GDP,DK04,2023 ,2.36
A,TOTAL,PC_GDP,DK05,2023 ,1.74
A,TOTAL,PC_GDP,EE00,2023 ,1.83
A,TOTAL,PC_GDP,EL30,2023 ,1.75
A,TOTAL,PC_GDP,EL41,2023 ,1.06
A,TOTAL,PC_GDP,EL42,2023 ,0.24
A,TOTAL,PC_GDP,EL43,2023 ,1.66
A,TOTAL,PC_GDP,EL51,2023 ,1.16
A,TOTAL,PC_GDP,EL52,2023 ,1.51
A,TOTAL,PC_GDP,EL53,2023 ,0.98
A,TOTAL,PC_GDP,EL54,2023 ,1.81
A,TOTAL,PC_GDP,EL61,2023 ,1.13
A,TOTAL,PC_GDP,EL62,2023 ,0.37
A,TOTAL,PC_GDP,EL63,2023 ,1.56
A,TOTAL,PC_GDP,EL64,2023 ,1.07
A,TOTAL,PC_GDP,EL65,2023 ,1.13
A,TOTAL,PC_GDP,ES11,2023 ,1.24
A,TOTAL,PC_GDP,ES12,2023 ,0.98
A,TOTAL,PC_GDP,ES13,2023 ,0.96
A,TOTAL,PC_GDP,ES21,2023 ,2.38
A,TOTAL,PC_GDP,ES22,2023 ,1.79
A,TOTAL,PC_GDP,ES23,2023 ,0.93
A,TOTAL,PC_GDP,ES24,2023 ,1.16
A,TOTAL,PC_GDP,ES30,2023 ,2.04
A,TOTAL,PC_GDP,ES41,2023 ,1.38
A,TOTAL,PC_GDP,ES42,2023 ,0.63
A,TOTAL,PC_GDP,ES43,2023 ,0.71
A,TOTAL,PC_GDP,ES51,2023 ,1.89
A,TOTAL,PC_GDP,ES52,2023 ,1.23
A,TOTAL,PC_GDP,ES53,2023 ,0.48
A,TOTAL,PC_GDP,ES61,2023 ,1.15
A,TOTAL,PC_GDP,ES62,2023 ,1.07
A,TOTAL,PC_GDP,ES63,2023 ,0.23
A,TOTAL,PC_GDP,ES64,2023 ,0.36
A,TOTAL,PC_GDP,ES70,2023 ,0.57
A,TOTAL,PC_GDP,ESZZ,2023 ,0.0
A,TOTAL,PC_GDP,FI19,2023 ,2.96
A,TOTAL,PC_GDP,FI1B,2023 ,3.88
A,TOTAL,PC_GDP,FI1C,2023 ,1.91
A,TOTAL,PC_GDP,FI1D,2023 ,2.78
A,TOTAL,PC_GDP,FI20,2023 ,0.53
A,TOTAL,PC_GDP,FR10,2023 ,2.9
A,TOTAL,PC_GDP,FRB0,2023 ,1.38
A,TOTAL,PC_GDP,FRC1,2023 ,0.82
A,TOTAL,PC_GDP,FRC2,2023 ,2.74
A,TOTAL,PC_GDP,FRD1,2023 ,1.15
A,TOTAL,PC_GDP,FRD2,2023 ,1.34
A,TOTAL,PC_GDP,FRE1,2023 ,0.91
A,TOTAL,PC_GDP,FRE2,2023 ,1.42
A,TOTAL,PC_GDP,FRF1,2023 ,1.67
A,TOTAL,PC_GDP,FRF2,2023 ,0.63
A,TOTAL,PC_GDP,FRF3,2023 ,1.22
A,TOTAL,PC_GDP,FRG0,2023 ,1.33
A,TOTAL,PC_GDP,FRH0,2023 ,1.74
A,TOTAL,PC_GDP,FRI1,2023 ,1.78
A,TOTAL,PC_GDP,FRI2,2023 ,1.22
A,TOTAL,PC_GDP,FRI3,2023 ,0.8
A,TOTAL,PC_GDP,FRJ1,2023 ,2.29
A,TOTAL,PC_GDP,FRJ2,2023 ,4.08
A,TOTAL,PC_GDP,FRK1,2023 ,2.03
A,TOTAL,PC_GDP,FRK2,2023 ,3.02
A,TOTAL,PC_GDP,FRL0,2023 ,2.1
A,TOTAL,PC_GDP,FRM0,2023 ,0.33
A,TOTAL,PC_GDP,HR02,2023 ,0.49
A,TOTAL,PC_GDP,HR03,2023 ,0.68
A,TOTAL,PC_GDP,HR05,2023 ,2.17
A,TOTAL,PC_GDP,HR06,2023 ,1.93
A,TOTAL,PC_GDP,HU11,2023 ,2.25
A,TOTAL,PC_GDP,HU12,2023 ,0.41
A,TOTAL,PC_GDP,HU21,2023 ,1.06
A,TOTAL,PC_GDP,HU22,2023 ,1.06
A,TOTAL,PC_GDP,HU23,2023 ,0.56
A,TOTAL,PC_GDP,HU31,2023 ,0.74
A,TOTAL,PC_GDP,HU32,2023 ,0.85
A,TOTAL,PC_GDP,HU33,2023 ,1.19
A,TOTAL,PC_GDP,IE04,2023 ,1.44
A,TOTAL,PC_GDP,IE05,2023 ,0.59
A,TOTAL,PC_GDP,IE06,2023 ,2.14
A,TOTAL,PC_GDP,IS00,2023 ,2.62
A,TOTAL,PC_GDP,ITC1,2023 ,2.09
A,TOTAL,PC_GDP,ITC2,2023 ,0.53
A,TOTAL,PC_GDP,ITC3,2023 ,1.44
A,TOTAL,PC_GDP,ITC4,2023 ,1.19
A,TOTAL,PC_GDP,ITF1,2023 ,1.1
A,TOTAL,PC_GDP,ITF2,2023 ,0.78
A,TOTAL,PC_GDP,ITF3,2023 ,1.2
A,TOTAL,PC_GDP,ITF4,2023 ,0.82
A,TOTAL,PC_GDP,ITF5,2023 ,0.64
A,TOTAL,PC_GDP,ITF6,2023 ,0.64
A,TOTAL,PC_GDP,ITG1,2023 ,0.98
A,TOTAL,PC_GDP,ITG2,2023 ,0.83
A,TOTAL,PC_GDP,ITH1,2023 ,0.65
A,TOTAL,PC_GDP,ITH2,2023 ,1.59
A,TOTAL,PC_GDP,ITH3,2023 ,1.2
A,TOTAL,PC_GDP,ITH4,2023 ,1.69
A,TOTAL,PC_GDP,ITH5,2023 ,2.09
A,TOTAL,PC_GDP,ITI1,2023 ,1.37
A,TOTAL,PC_GDP,ITI2,2023 ,0.88
A,TOTAL,PC_GDP,ITI3,2023 ,0.94
A,TOTAL,PC_GDP,ITI4,2023 ,1.8
A,TOTAL,PC_GDP,LT01,2023 ,1.47
A,TOTAL,PC_GDP,LT02,2023 ,0.69
A,TOTAL,PC_GDP,LU00,2023 ,1.06
A,TOTAL,PC_GDP,LV00,2023 ,0.82
A,TOTAL,PC_GDP,LVZZ,2023 ,0.0
A,TOTAL,PC_GDP,ME00,2023 ,0.34
A,TOTAL,PC_GDP,MK00,2023 ,0.37
A,TOTAL,PC_GDP,MT00,2023 ,0.58
A,TOTAL,PC_GDP,MTZZ,2023 ,0.0
A,TOTAL,PC_GDP,PL21,2023 ,2.73
A,TOTAL,PC_GDP,PL22,2023 ,1.0
A,TOTAL,PC_GDP,PL41,2023 ,1.14
A,TOTAL,PC_GDP,PL42,2023 ,0.76
A,TOTAL,PC_GDP,PL43,2023 ,0.45
A,TOTAL,PC_GDP,PL51,2023 ,1.66
A,TOTAL,PC_GDP,PL52,2023 ,0.78
A,TOTAL,PC_GDP,PL61,2023 ,0.85
A,TOTAL,PC_GDP,PL62,2023 ,0.96
A,TOTAL,PC_GDP,PL63,2023 ,2.32
A,TOTAL,PC_GDP,PL71,2023 ,0.98
A,TOTAL,PC_GDP,PL72,2023 ,0.64
A,TOTAL,PC_GDP,PL81,2023 ,1.4
A,TOTAL,PC_GDP,PL82,2023 ,1.19
A,TOTAL,PC_GDP,PL84,2023 ,0.92
A,TOTAL,PC_GDP,PL91,2023 ,2.79
A,TOTAL,PC_GDP,PL92,2023 ,0.28
A,TOTAL,PC_GDP,PT11,2023 ,1.96
A,TOTAL,PC_GDP,PT15,2023 ,0.49
A,TOTAL,PC_GDP,PT19,2023 ,1.96
A,TOTAL,PC_GDP,PT1A,2023 ,2.08
A,TOTAL,PC_GDP,PT1B,2023 ,0.9
A,TOTAL,PC_GDP,PT1C,2023 ,0.82
A,TOTAL,PC_GDP,PT1D,2023 ,0.79
A,TOTAL,PC_GDP,PT20,2023 ,0.49
A,TOTAL,PC_GDP,PT30,2023 ,0.48
A,TOTAL,PC_GDP,RO11,2023 ,0.29
A,TOTAL,PC_GDP,RO12,2023 ,0.41
A,TOTAL,PC_GDP,RO21,2023 ,0.25
A,TOTAL,PC_GDP,RO22,2023 ,0.12
A,TOTAL,PC_GDP,RO31,2023 ,0.4
A,TOTAL,PC_GDP,RO32,2023 ,0.82
A,TOTAL,PC_GDP,RO41,2023 ,0.17
A,TOTAL,PC_GDP,RO42,2023 ,1.18
A,TOTAL,PC_GDP,RS11,2023 ,1.13
A,TOTAL,PC_GDP,RS12,2023 ,1.29
A,TOTAL,PC_GDP,RS21,2023 ,0.19
A,TOTAL,PC_GDP,RS22,2023 ,0.25
A,TOTAL,PC_GDP,RSZZ,2023 ,0.0
A,TOTAL,PC_GDP,SE11,2023 ,3.53
A,TOTAL,PC_GDP,SE12,2023 ,4.37
A,TOTAL,PC_GDP,SE21,2023 ,1.43
A,TOTAL,PC_GDP,SE22,2023 ,3.66
A,TOTAL,PC_GDP,SE23,2023 ,5.63
A,TOTAL,PC_GDP,SE31,2023 ,0.96
A,TOTAL,PC_GDP,SE32,2023 ,1.09
A,TOTAL,PC_GDP,SE33,2023 ,2.3
A,TOTAL,PC_GDP,SEZZ,2023 ,0.0
A,TOTAL,PC_GDP,SI03,2023 ,1.43
A,TOTAL,PC_GDP,SI04,2023 ,2.63
A,TOTAL,PC_GDP,SK01,2023 ,1.77
A,TOTAL,PC_GDP,SK02,2023 ,0.9
A,TOTAL,PC_GDP,SK03,2023 ,0.74
A,TOTAL,PC_GDP,SK04,2023 ,0.57
A,TOTAL,PC_GDP,TR10,2023 ,1.36
A,TOTAL,PC_GDP,TR21,2023 ,0.98
A,TOTAL,PC_GDP,TR22,2023 ,0.6
A,TOTAL,PC_GDP,TR31,2023 ,1.04
A,TOTAL,PC_GDP,TR32,2023 ,0.51
A,TOTAL,PC_GDP,TR33,2023 ,0.97
A,TOTAL,PC_GDP,TR41,2023 ,1.39
A,TOTAL,PC_GDP,TR42,2023 ,2.29
A,TOTAL,PC_GDP,TR51,2023 ,4.03
A,TOTAL,PC_GDP,TR52,2023 ,0.88
A,TOTAL,PC_GDP,TR61,2023 ,0.61
A,TOTAL,PC_GDP,TR62,2023 ,0.5
A,TOTAL,PC_GDP,TR63,2023 ,0.42
A,TOTAL,PC_GDP,TR71,2023 ,0.68
A,TOTAL,PC_GDP,TR72,2023 ,0.98
A,TOTAL,PC_GDP,TR81,2023 ,0.8
A,TOTAL,PC_GDP,TR82,2023 ,0.54
A,TOTAL,PC_GDP,TR83,2023 ,0.68
A,TOTAL,PC_GDP,TR90,2023 ,0.7
A,TOTAL,PC_GDP,TRA1,2023 ,1.53
A,TOTAL,PC_GDP,TRA2,2023 ,0.72
A,TOTAL,PC_GDP,TRB1,2023 ,1.25
A,TOTAL,PC_GDP,TRB2,2023 ,0.7
A,TOTAL,PC_GDP,TRC1,2023 ,0.48
A,TOTAL,PC_GDP,TRC2,2023 ,0.48
A,TOTAL,PC_GDP,TRC3,2023 ,0.26
A,TOTAL,PC_GDP,CY00,2024 ,0.65
A,TOTAL,PC_GDP,CZ01,2024 ,2.77
A,TOTAL,PC_GDP,CZ02,2024 ,1.85
A,TOTAL,PC_GDP,CZ03,2024 ,1.26
A,TOTAL,PC_GDP,CZ04,2024 ,0.33
A,TOTAL,PC_GDP,CZ05,2024 ,1.2
A,TOTAL,PC_GDP,CZ06,2024 ,2.25
A,TOTAL,PC_GDP,CZ07,2024 ,1.51
A,TOTAL,PC_GDP,CZ08,2024 ,1.06
A,TOTAL,PC_GDP,EE00,2024 ,1.99
A,TOTAL,PC_GDP,IS00,2024 ,2.47
A,TOTAL,PC_GDP,LU00,2024 ,0.99
A,TOTAL,PC_GDP,LV00,2024 ,0.92
A,TOTAL,PC_GDP,ME00,2024 ,0.29
A,TOTAL,PC_GDP,MT00,2024 ,0.54
A,TOTAL,PC_GDP,PT11,2024 ,2.02
A,TOTAL,PC_GDP,PT15,2024 ,0.44
A,TOTAL,PC_GDP,PT19,2024 ,2.05
A,TOTAL,PC_GDP,PT1A,2024 ,2.17
A,TOTAL,PC_GDP,PT1B,2024 ,0.9
A,TOTAL,PC_GDP,PT1C,2024 ,0.82
A,TOTAL,PC_GDP,PT1D,2024 ,0.87
A,TOTAL,PC_GDP,PT20,2024 ,0.41
A,TOTAL,PC_GDP,PT30,2024 ,0.41
A,TOTAL,PC_GDP,RS11,2024 ,1.39
A,TOTAL,PC_GDP,RS12,2024 ,1.12
A,TOTAL,PC_GDP,RS21,2024 ,0.19
A,TOTAL,PC_GDP,RS22,2024 ,0.17
A,TOTAL,PC_GDP,RSZZ,2024 ,0.0
A,TOTAL,PC_GDP,TR10,2024 ,1.67
A,TOTAL,PC_GDP,TR21,2024 ,0.91
A,TOTAL,PC_GDP,TR22,2024 ,0.63
A,TOTAL,PC_GDP,TR31,2024 ,1.09
A,TOTAL,PC_GDP,TR32,2024 ,0.57
A,TOTAL,PC_GDP,TR33,2024 ,0.97
A,TOTAL,PC_GDP,TR41,2024 ,1.38
A,TOTAL,PC_GDP,TR42,2024 ,2.21
A,TOTAL,PC_GDP,TR51,2024 ,3.88
A,TOTAL,PC_GDP,TR52,2024 ,0.74
A,TOTAL,PC_GDP,TR61,2024 ,0.7
A,TOTAL,PC_GDP,TR62,2024 ,0.44
A,TOTAL,PC_GDP,TR63,2024 ,0.33
A,TOTAL,PC_GDP,TR71,2024 ,0.79
A,TOTAL,PC_GDP,TR72,2024 ,1.04
A,TOTAL,PC_GDP,TR81,2024 ,0.91
A,TOTAL,PC_GDP,TR82,2024 ,0.65
A,TOTAL,PC_GDP,TR83,2024 ,0.72
A,TOTAL,PC_GDP,TR90,2024 ,0.66
A,TOTAL,PC_GDP,TRA1,2024 ,1.52
A,TOTAL,PC_GDP,TRA2,2024 ,0.85
A,TOTAL,PC_GDP,TRB1,2024 ,1.01
A,TOTAL,PC_GDP,TRB2,2024 ,0.71
A,TOTAL,PC_GDP,TRC1,2024 ,0.49
A,TOTAL,PC_GDP,TRC2,2024 ,0.49
A,TOTAL,PC_GDP,TRC3,2024 ,0.33
